ids,SentrixID,Project,p53_status,specific_cancer_diagnosis,cancer_diagnosis,ageofonset,Start_Position,End_Position,Reference_Allele,Tumor_Seq_Allele2,Variant_Classification,Variant_Type,aaChange,gdna.exon.intron,gdna.change,cdna,dbd,tad,od,nterm,missense,nonsense,splice,frameshift,deletion
2760B,204425700037_R08C01,SUB14750,mut,ACC,Adrenal,214,NA,NA,NA,-,Deletion,DEL,deletion,no clear intron or exon,NA,NA,0,0,0,0,0,0,0,0,1
6257,204425700102_R06C01,SUB14749,mut,Stromal sarcoma,Stromal sarcoma,252,NA,NA,NA,NA,Deletion,DEL,NA,Exon 1,NA,5'UTR_EX1del,0,0,0,0,0,0,0,0,1
6272,204425700123_R01C01,SUB14751,mut,Unaffected,Unaffected,NA,NA,NA,NA,NA,Deletion,DEL,NA,Exon 1,NA,5'UTR_EX1del,0,0,0,0,0,0,0,0,1
6273,204425700039_R01C01,SUB14751,mut,Unaffected,Unaffected,NA,NA,NA,NA,NA,Deletion,DEL,NA,Exon 1,NA,5'UTR_EX1del,0,0,0,0,0,0,0,0,1
6282,204424040057_R02C01,SUB14751,mut,Undifferentiated sarcoma,Undifferentiated sarcoma,60,NA,NA,C,A,Frame_Shift_Del_Ins,DEL_INS,NA,Exon 1,C>A,c.1-10782G>T,0,0,0,0,0,0,0,1,0
6057,203833030032_R05C01,SUB12648,mut,Breast,Breast,396,NA,NA,NA,NA,Deletion,DEL,NA,Exon 1,NA,deletion,0,0,0,0,0,0,0,0,1
6142,203833030032_R06C01,SUB12648,mut,Glioma,Glioma,144,NA,NA,NA,NA,Deletion,DEL,NA,Exon 1,NA,deletion,0,0,0,0,0,0,0,0,1
6142,204425700121_R03C01,SUB14750,mut,Glioma,Glioma,144,NA,NA,NA,NA,Deletion,DEL,NA,Exon 1,NA,deletion,0,0,0,0,0,0,0,0,1
6251,204425700139_R06C01,SUB14749,mut,Unaffected,Unaffected,NA,NA,NA,NA,NA,Deletion,DEL,NA,Exon 1-11,NA,del exon 1-11,1,1,1,1,0,0,0,0,1
6275,204425700147_R02C01,SUB14751,mut,LMS,LMS,492,NA,NA,NA,NA,Deletion,DEL,NA,Exon 1-11,NA,del exon 1-11,1,1,1,1,0,0,0,0,1
6360,204425700025_R08C01,SUB14750,mut,Unaffected,Unaffected,NA,NA,NA,NA,NA,Deletion,DEL,NA,Exon 1-11,NA,del exon 1-11,1,1,1,1,0,0,0,0,1
6268,204425700035_R01C01,SUB14751,mut,LMS,LMS,624,NA,NA,NA,NA,Deletion,DEL,NA,Exon 1-8,NA,del exon 1-8,1,1,0,1,0,0,0,0,1
6297,204425700039_R03C01,SUB14751,mut,Unaffected,Unaffected,NA,NA,NA,NA,NA,Deletion,DEL,NA,Exon 1-8,NA,del exon 1-8,1,1,0,1,0,0,0,0,1
6301,204424040080_R04C01,SUB14751,mut,Unaffected,Unaffected,NA,NA,NA,NA,NA,Deletion,DEL,NA,Exon 1-8,NA,del exon 1-8,1,1,0,1,0,0,0,0,1
6303,204424040056_R04C01,SUB14751,mut,LMS,LMS,360,NA,NA,NA,NA,Deletion,DEL,NA,Exon 1-8,NA,del exon 1-8,1,1,0,1,0,0,0,0,1
6369,204425700046_R08C01,SUB14750,mut,Unaffected,Unaffected,NA,NA,NA,NA,NA,Deletion,DEL,NA,Exon 1-8,NA,del exon 1-8,1,1,0,1,0,0,0,0,1
6240,204425700089_R05C01,SUB14749,mut,LMS,LMS,300,NA,NA,-,AAG,Splice_Site,SNP,NA,Intron 3,NA,c.95_96+6delinsCTT,0,0,0,0,0,0,1,0,0
2048,5771955054_R05C01,TORONTO,mut,Breast,Breast,453,NA,NA,NA,NA,Frame_Shift_Ins,INS,NA,no clear intron or exon,NA,NA,0,0,0,0,0,0,0,1,0
3164,204425700143_R08C01,SUB14749,mut,OS,OS,189,NA,NA,NA,NA,Deletion,DEL,NA,no clear intron or exon,NA,NA,0,0,0,0,0,0,0,0,1
3634,5760666035_R05C01,TORONTO,mut,MFS,MFS,492,NA,NA,NA,NA,Deletion,DEL,NA,no clear intron or exon,NA,NA,0,0,0,0,0,0,0,0,1
4684,204424040036_R05C01,SUB14751,mut,Skin,Skin,360,NA,NA,NA,NA,Deletion,DEL,NA,no clear intron or exon,NA,NA,0,0,0,0,0,0,0,0,1
4033,5771955051_R01C01,TORONTO,mut,ACC,Adrenal,48,7579699,7579699,C,G,Splice_Site,SNP,NA,Intron 3,C>G,c.96+1G>C,0,0,0,0,0,0,1,0,0
1926,204425700140_R07C01,SUB14749,mut,Unaffected,Unaffected,NA,7579601,7579601,G,C,Splice_Site,SNP,NA,Intron 3,G>C,c.IVS03-11C>G,0,0,0,0,0,0,1,0,0
2349,204425700048_R08C01,SUB14749,mut,RMS,RMS,40,7579601,7579601,G,C,Splice_Site,SNP,NA,Intron 3,G>C,c.IVS03-11C>G,0,0,0,0,0,0,1,0,0
2349,5760666038_R04C01,TORONTO,mut,RMS,RMS,40,7579601,7579601,G,C,Splice_Site,SNP,NA,Intron 3,G>C,c.IVS03-11C>G,0,0,0,0,0,0,1,0,0
2446,5760666038_R02C01,TORONTO,mut,Unaffected,Unaffected,NA,7579601,7579601,G,C,Splice_Site,SNP,NA,Intron 3,G>C,c.IVS03-11C>G,0,0,0,0,0,0,1,0,0
2447,5760666038_R03C02,TORONTO,mut,Unaffected,Unaffected,176,7579601,7579601,G,C,Splice_Site,SNP,NA,Intron 3,G>C,c.IVS03-11C>G,0,0,0,0,0,0,1,0,0
808,5760666038_R01C02,TORONTO,mut,Breast,Breast,301,7579601,7579601,G,C,Splice_Site,SNP,NA,Intron 3,G>C,c.IVS03-11C>G,0,0,0,0,0,0,1,0,0
808,204425700143_R07C01,SUB14749,mut,Breast,Breast,301,7579601,7579601,G,C,Splice_Site,SNP,NA,Intron 3,G>C,c.IVS03-11C>G,0,0,0,0,0,0,1,0,0
6095,204425700123_R08C01,SUB14751,mut,Unaffected,Unaffected,NA,7570880,7579364,NA,NA,Frame_Shift_Ins,INS,NA,Exon 4,NA,c.323_3229dup7,0,1,0,0,0,0,0,1,0
6095,203836210111_R02C01,SUB12648,mut,Unaffected,Unaffected,NA,7570880,7579364,NA,NA,Frame_Shift_Ins,INS,NA,Exon 4,NA,c.323_3229dup7,0,1,0,0,0,0,0,1,0
2567,9721365183_R05C01,MONTREAL,mut,RMS,RMS,40,7578555,7578555,C,T,Splice_Site,SNP,NA,Intron 4,C>T,NA,0,0,0,0,0,0,1,0,0
2567,204425700029_R08C01,SUB14749,mut,RMS,RMS,40,7578555,7578555,C,T,Splice_Site,SNP,NA,Intron 4,C>T,NA,0,0,0,0,0,0,1,0,0
4748,204424040056_R05C01,SUB14751,mut,OS,OS,424,7578371,7578371,C,T,Splice_Site,SNP,NA,Intron 5,C>T,c.559+1G>A,0,0,0,0,0,0,1,0,0
6265,204424040080_R01C01,SUB14751,mut,DFS,DFS,300,7578370,7578370,C,T,Splice_Site,SNP,NA,Intron 5,C>T,c.559+1G>A,0,0,0,0,0,0,1,0,0
2262,5760666035_R01C01,TORONTO,mut,RMS,RMS,64,7578290,7578290,C,G,Splice_Site,SNP,NA,Intron 5,C>G,c.IVS05-1G>C,0,0,0,0,0,0,1,0,0
6107,203836210070_R05C01,SUB12648,mut,RMS,RMS,48,7577609,7577609,C,A,Splice_Site,SNP,NA,Intron 7,C>A,c.673-1G>T,0,0,0,0,0,0,1,0,0
6107,204425700029_R01C01,SUB14749,mut,RMS,RMS,48,7577609,7577609,C,A,Splice_Site,SNP,NA,Intron 7,C>A,c.673-1G>T,0,0,0,0,0,0,1,0,0
4128,204425700054_R02C01,SUB14750,mut,Breast,Breast,377,7577157,7577157,T,C,Splice_Site,SNP,NA,Intron 8,T>C,c.783-2A>G,0,0,0,0,0,0,1,0,0
4256,204424040061_R02C01,SUB14750,mut,Unaffected,Unaffected,NA,7577157,7577157,T,C,Splice_Site,SNP,NA,Intron 8,T>C,c.783-2A>G,0,0,0,0,0,0,1,0,0
4889,204425700147_R06C01,SUB14751,mut,Lung,Lung,845,7577157,7577157,T,C,Splice_Site,SNP,NA,Intron 8,T>C,c.783-2A>G,0,0,0,0,0,0,1,0,0
6210,204425700116_R02C01,SUB14749,mut,ALL,ALL,228,NA,NA,NA,NA,Deletion,DEL,NA,Exon 7-9,NA,del exon 7-9,1,0,0,0,0,0,0,0,1
6283,204424040040_R02C01,SUB14751,mut,Breast,Breast,408,7576927,7576927,C,T,Splice_Site,SNP,NA,Intron 8,C>T,c.920-1G>A,0,0,0,0,0,0,1,0,0
6336,204425700046_R05C01,SUB14750,mut,Breast,Breast,264,7576853,7576853,C,-,Splice_Site,DEL,NA,Intron 9,NA,c.993+1del,0,0,0,0,0,0,1,0,0
6337,204425700037_R05C01,SUB14750,mut,Unaffected,Unaffected,NA,7576853,7576853,C,-,Splice_Site,DEL,NA,Intron 9,NA,c.993+1del,0,0,0,0,0,0,1,0,0
6338,204425700071_R06C01,SUB14750,mut,Unaffected,Unaffected,NA,7576853,7576853,C,-,Splice_Site,DEL,NA,Intron 9,NA,c.993+1del,0,0,0,0,0,0,1,0,0
3885,5760666057_R05C01,TORONTO,mut,ACC,Adrenal,36,7573314,7588862,NA,NA,Deletion,DEL,NA,Exon 1-11,NA,NA,1,1,1,1,0,0,0,0,1
3334,5760666027_R04C01,TORONTO,mut,Unaffected,Unaffected,NA,7564572,7584823,NA,NA,Deletion,DEL,NA,Exon 1-11,NA,NA,1,1,1,1,0,0,0,0,1
3332,5760666027_R03C02,TORONTO,mut,OS,OS,189,7564564,7585006,NA,NA,Deletion,DEL,NA,Exon 1-11,NA,NA,1,1,1,1,0,0,0,0,1
6072,203836210104_R01C01,SUB12648,mut,Breast,Breast,360,7559353,7559353,C,T,Splice_Site,SNP,NA,Intron 10,C>T,c.14755+1G>A,0,0,0,0,0,0,1,0,0
6073,203833030032_R01C01,SUB12648,mut,Breast,Breast,372,7573987,7573987,G,T,Missense_Mutation,SNP,p.Ala347Asp,Exon 10,G>T,c.1040C>A,0,0,1,0,1,0,0,0,0
6091,203836210111_R04C01,SUB12648,mut,Unaffected,Unaffected,NA,7573987,7573987,G,T,Missense_Mutation,SNP,p.Ala347Asp,Exon 10,G>T,c.1040C>A,0,0,1,0,1,0,0,0,0
6091,204425700035_R08C01,SUB14751,mut,Unaffected,Unaffected,NA,7573987,7573987,G,T,Missense_Mutation,SNP,p.Ala347Asp,Exon 10,G>T,c.1040C>A,0,0,1,0,1,0,0,0,0
6092,204425700137_R08C01,SUB14751,mut,Unaffected,Unaffected,NA,7573987,7573987,G,T,Missense_Mutation,SNP,p.Ala347Asp,Exon 10,G>T,c.1040C>A,0,0,1,0,1,0,0,0,0
6092,203836210111_R05C01,SUB12648,mut,Unaffected,Unaffected,NA,7573987,7573987,G,T,Missense_Mutation,SNP,p.Ala347Asp,Exon 10,G>T,c.1040C>A,0,0,1,0,1,0,0,0,0
6094,204424040040_R08C01,SUB14751,mut,MFH,MFH,228,7573987,7573987,G,T,Missense_Mutation,SNP,p.Ala347Asp,Exon 10,G>T,c.1040C>A,0,0,1,0,1,0,0,0,0
6102,203836210087_R08C01,SUB12648,mut,OS,OS,348,7573987,7573987,G,T,Missense_Mutation,SNP,p.Ala347Asp,Exon 10,G>T,c.1040C>A,0,0,1,0,1,0,0,0,0
6102,204425700100_R01C01,SUB14749,mut,OS,OS,348,7573987,7573987,G,T,Missense_Mutation,SNP,p.Ala347Asp,Exon 10,G>T,c.1040C>A,0,0,1,0,1,0,0,0,0
6105,203836210070_R06C01,SUB12648,mut,Unaffected,Unaffected,NA,7573987,7573987,G,T,Missense_Mutation,SNP,p.Ala347Asp,Exon 10,G>T,c.1040C>A,0,0,1,0,1,0,0,0,0
6108,203836210111_R07C01,SUB12648,mut,Unaffected,Unaffected,NA,7573987,7573987,G,T,Missense_Mutation,SNP,p.Ala347Asp,Exon 10,G>T,c.1040C>A,0,0,1,0,1,0,0,0,0
6138,204425700054_R03C01,SUB14750,mut,Renal,Renal,552,7573987,7573987,G,T,Missense_Mutation,SNP,p.Ala347Asp,Exon 10,G>T,c.1040C>A,0,0,1,0,1,0,0,0,0
6144,204424040061_R03C01,SUB14750,mut,LMS,LMS,144,7573987,7573987,G,T,Missense_Mutation,SNP,p.Ala347Asp,Exon 10,G>T,c.1040C>A,0,0,1,0,1,0,0,0,0
6226,204425700085_R04C01,SUB14749,mut,Glioma,Glioma,432,7573987,7573987,G,T,Missense_Mutation,SNP,p.Ala347Asp,Exon 10,G>T,c.1040C>A,0,0,1,0,1,0,0,0,0
6235,204425700100_R05C01,SUB14749,mut,Glioma,Glioma,156,7573987,7573987,G,T,Missense_Mutation,SNP,p.Ala347Asp,Exon 10,G>T,c.1040C>A,0,0,1,0,1,0,0,0,0
6269,204425700137_R01C01,SUB14751,mut,Unaffected,Unaffected,NA,7573987,7573987,G,T,Missense_Mutation,SNP,p.Ala347Asp,Exon 10,G>T,c.1040C>A,0,0,1,0,1,0,0,0,0
6280,204425700035_R02C01,SUB14751,mut,OS,OS,348,7573987,7573987,G,T,Missense_Mutation,SNP,p.Ala347Asp,Exon 10,G>T,c.1040C>A,0,0,1,0,1,0,0,0,0
6298,204425700067_R04C01,SUB14751,mut,Colon,Colon,240,7573987,7573987,G,T,Missense_Mutation,SNP,p.Ala347Asp,Exon 10,G>T,c.1040C>A,0,0,1,0,1,0,0,0,0
6306,204425700048_R02C01,SUB14749,mut,Unaffected,Unaffected,NA,7573987,7573987,G,T,Missense_Mutation,SNP,p.Ala347Asp,Exon 10,G>T,c.1040C>A,0,0,1,0,1,0,0,0,0
6307,204425700029_R02C01,SUB14749,mut,Unaffected,Unaffected,NA,7573987,7573987,G,T,Missense_Mutation,SNP,p.Ala347Asp,Exon 10,G>T,c.1040C>A,0,0,1,0,1,0,0,0,0
6309,204425700139_R02C01,SUB14749,mut,Breast,Breast,384,7573987,7573987,G,T,Missense_Mutation,SNP,p.Ala347Asp,Exon 10,G>T,c.1040C>A,0,0,1,0,1,0,0,0,0
6314,204425700046_R03C01,SUB14750,mut,Glioma,Glioma,192,7573987,7573987,G,T,Missense_Mutation,SNP,p.Ala347Asp,Exon 10,G>T,c.1040C>A,0,0,1,0,1,0,0,0,0
6317,204425700025_R04C01,SUB14750,mut,Lung,Lung,531.12,7573987,7573987,G,T,Missense_Mutation,SNP,p.Ala347Asp,Exon 10,G>T,c.1040C>A,0,0,1,0,1,0,0,0,0
6363,204425700118_R08C01,SUB14750,mut,Unaffected,Unaffected,NA,7573987,7573987,G,T,Missense_Mutation,SNP,p.Ala347Asp,Exon 10,G>T,c.1040C>A,0,0,1,0,1,0,0,0,0
6344,204424040061_R06C01,SUB14750,mut,Breast,Breast,264,7579358,7579358,C,A,Missense_Mutation,SNP,p.Arg110Leu,Exon 4,C>A,c.329G>T,0,1,0,0,1,0,0,0,0
2256,5760295056_R01C01,TORONTO,mut,CPC,CPC,52,7578457,7578457,C,T,Missense_Mutation,SNP,p.Arg158His,Exon 5,C>T,c.473G>A,1,0,0,0,1,0,0,0,0
2257,204425700116_R07C01,SUB14749,mut,Unaffected,Unaffected,NA,7578457,7578457,C,T,Missense_Mutation,SNP,p.Arg158His,Exon 5,C>T,c.473G>A,1,0,0,0,1,0,0,0,0
2257,5760295056_R02C02,TORONTO,mut,Unaffected,Unaffected,NA,7578457,7578457,C,T,Missense_Mutation,SNP,p.Arg158His,Exon 5,C>T,c.473G>A,1,0,0,0,1,0,0,0,0
2257,5760666011_R06C01,TORONTO,mut,Unaffected,Unaffected,NA,7578457,7578457,C,T,Missense_Mutation,SNP,p.Arg158His,Exon 5,C>T,c.473G>A,1,0,0,0,1,0,0,0,0
3506,5760666057_R02C02,TORONTO,mut,ACC,Adrenal,28,7578457,7578457,C,T,Missense_Mutation,SNP,p.Arg158His,Exon 5,C>T,c.473G>A,1,0,0,0,1,0,0,0,0
3701,204425700071_R01C01,SUB14750,mut,Breast,Breast,456,7578457,7578457,C,T,Missense_Mutation,SNP,p.Arg158His,Exon 5,C>T,c.473G>A,1,0,0,0,1,0,0,0,0
3873,5760666057_R03C01,TORONTO,mut,ACC,Adrenal,36,7578457,7578457,C,T,Missense_Mutation,SNP,p.Arg158His,Exon 5,C>T,c.473G>A,1,0,0,0,1,0,0,0,0
6121,204425700127_R01C01,SUB14749,mut,OS,OS,372,7578457,7578457,C,T,Missense_Mutation,SNP,p.Arg158His,Exon 5,C>T,c.473G>A,1,0,0,0,1,0,0,0,0
6121,203836210110_R04C01,SUB12648,mut,OS,OS,372,7578457,7578457,C,T,Missense_Mutation,SNP,p.Arg158His,Exon 5,C>T,c.473G>A,1,0,0,0,1,0,0,0,0
6250,204425700085_R06C01,SUB14749,mut,Thyroid,Thyroid,516,7578457,7578457,C,T,Missense_Mutation,SNP,p.Arg158His,Exon 5,C>T,c.473G>A,1,0,0,0,1,0,0,0,0
6254,204425700127_R06C01,SUB14749,mut,Unaffected,Unaffected,NA,7578457,7578457,C,T,Missense_Mutation,SNP,p.Arg158His,Exon 5,C>T,c.473G>A,1,0,0,0,1,0,0,0,0
6300,204425700092_R04C01,SUB14751,mut,Colon,Colon,684,7578457,7578457,C,T,Missense_Mutation,SNP,p.Arg158His,Exon 5,C>T,c.473G>A,1,0,0,0,1,0,0,0,0
6326,204425700037_R04C01,SUB14750,mut,Glioma,Glioma,492,7578457,7578457,C,T,Missense_Mutation,SNP,p.Arg158His,Exon 5,C>T,c.473G>A,1,0,0,0,1,0,0,0,0
6334,204425700135_R05C01,SUB14750,mut,ACC,Adrenal,36,7578457,7578457,C,T,Missense_Mutation,SNP,p.Arg158His,Exon 5,C>T,c.473G>A,1,0,0,0,1,0,0,0,0
6350,204425700025_R07C01,SUB14750,mut,RMS,RMS,36,7578457,7578457,C,T,Missense_Mutation,SNP,p.Arg158His,Exon 5,C>T,c.473G>A,1,0,0,0,1,0,0,0,0
6366,204424040061_R08C01,SUB14750,mut,Unaffected,Unaffected,NA,7578457,7578457,C,T,Missense_Mutation,SNP,p.Arg158His,Exon 5,C>T,c.473G>A,1,0,0,0,1,0,0,0,0
6367,204425700135_R08C01,SUB14750,mut,Unaffected,Unaffected,NA,7578457,7578457,C,T,Missense_Mutation,SNP,p.Arg158His,Exon 5,C>T,c.473G>A,1,0,0,0,1,0,0,0,0
1191,5760666007_R02C01,TORONTO,mut,Breast,Breast,240,7578406,7578406,C,T,Missense_Mutation,SNP,p.Arg175His,Exon 5,C>T,c.524G>A,1,0,0,0,1,0,0,0,0
3918,204425700135_R01C01,SUB14750,mut,PNET,PNET,177,7578406,7578406,C,T,Missense_Mutation,SNP,p.Arg175His,Exon 5,C>T,c.524G>A,1,0,0,0,1,0,0,0,0
3918,5760295040_R04C01,TORONTO,mut,PNET,PNET,177,7578406,7578406,C,T,Missense_Mutation,SNP,p.Arg175His,Exon 5,C>T,c.524G>A,1,0,0,0,1,0,0,0,0
4242,5771955054_R03C01,TORONTO,mut,Breast,Breast,432,7578406,7578406,C,T,Missense_Mutation,SNP,p.Arg175His,Exon 5,C>T,c.524G>A,1,0,0,0,1,0,0,0,0
4861,204425700067_R06C01,SUB14751,mut,RMS,RMS,29,7578406,7578406,C,T,Missense_Mutation,SNP,p.Arg175His,Exon 5,C>T,c.524G>A,1,0,0,0,1,0,0,0,0
6114,203836210068_R07C01,SUB12648,mut,OS,OS,204,7578406,7578406,C,T,Missense_Mutation,SNP,p.Arg175His,Exon 5,C>T,c.524G>A,1,0,0,0,1,0,0,0,0
6131,203836210071_R04C01,SUB12648,mut,Breast,Breast,408,7578406,7578406,C,T,Missense_Mutation,SNP,p.Arg175His,Exon 5,C>T,c.524G>A,1,0,0,0,1,0,0,0,0
6252,204425700089_R06C01,SUB14749,mut,Breast,Breast,408,7578406,7578406,C,T,Missense_Mutation,SNP,p.Arg175His,Exon 5,C>T,c.524G>A,1,0,0,0,1,0,0,0,0
798,5760666008_R01C01,TORONTO,mut,RMS,RMS,11,7578406,7578406,C,T,Missense_Mutation,SNP,p.Arg175His,Exon 5,C>T,c.524G>A,1,0,0,0,1,0,0,0,0
798,203836210111_R08C01,SUB12648,mut,RMS,RMS,11,7578406,7578406,C,T,Missense_Mutation,SNP,p.Arg175His,Exon 5,C>T,c.524G>A,1,0,0,0,1,0,0,0,0
800,204425700089_R07C01,SUB14749,mut,Unaffected,Unaffected,NA,7578406,7578406,C,T,Missense_Mutation,SNP,p.Arg175His,Exon 5,C>T,c.524G>A,1,0,0,0,1,0,0,0,0
800,5760666008_R02C02,TORONTO,mut,Unaffected,Unaffected,NA,7578406,7578406,C,T,Missense_Mutation,SNP,p.Arg175His,Exon 5,C>T,c.524G>A,1,0,0,0,1,0,0,0,0
986,5760666007_R01C02,TORONTO,mut,Glioma,Glioma,175,7578406,7578406,C,T,Missense_Mutation,SNP,p.Arg175His,Exon 5,C>T,c.524G>A,1,0,0,0,1,0,0,0,0
4473,204424040057_R04C01,SUB14751,mut,Breast,Breast,372,7578389,7578389,G,A,Missense_Mutation,SNP,p.Arg181Cys,Exon 5,G>A,c.541C>T,1,0,0,0,1,0,0,0,0
4602,204424040080_R05C01,SUB14751,mut,Unaffected,Unaffected,NA,7578389,7578389,G,A,Missense_Mutation,SNP,p.Arg181Cys,Exon 5,G>A,c.541C>T,1,0,0,0,1,0,0,0,0
6248,204425700048_R06C01,SUB14749,mut,CTCL,CTCL,612,7578389,7578389,G,A,Missense_Mutation,SNP,p.Arg181Cys,Exon 5,G>A,c.541C>T,1,0,0,0,1,0,0,0,0
6308,204425700085_R02C01,SUB14749,mut,T-LGL,T-LGL,744,7578389,7578389,G,A,Missense_Mutation,SNP,p.Arg181Cys,Exon 5,G>A,c.541C>T,1,0,0,0,1,0,0,0,0
6310,204425700089_R02C01,SUB14749,mut,Colon,Colon,540,7578389,7578389,G,A,Missense_Mutation,SNP,p.Arg181Cys,Exon 5,G>A,c.541C>T,1,0,0,0,1,0,0,0,0
6346,204424040063_R06C01,SUB14750,mut,Unaffected,Unaffected,NA,7578389,7578389,G,A,Missense_Mutation,SNP,p.Arg181Cys,Exon 5,G>A,c.541C>T,1,0,0,0,1,0,0,0,0
6352,204425700118_R07C01,SUB14750,mut,Breast,Breast,516,7578389,7578389,G,A,Missense_Mutation,SNP,p.Arg181Cys,Exon 5,G>A,c.541C>T,1,0,0,0,1,0,0,0,0
6353,204425700121_R07C01,SUB14750,mut,Unaffected,Unaffected,NA,7578389,7578389,G,A,Missense_Mutation,SNP,p.Arg181Cys,Exon 5,G>A,c.541C>T,1,0,0,0,1,0,0,0,0
6215,204425700139_R03C01,SUB14749,mut,Unaffected,Unaffected,NA,7578388,7578388,C,T,Missense_Mutation,SNP,p.Arg181His,Exon 5,C>T,c.542G>A,1,0,0,0,1,0,0,0,0
6216,204425700089_R03C01,SUB14749,mut,Breast,Breast,612,7578388,7578388,C,T,Missense_Mutation,SNP,p.Arg181His,Exon 5,C>T,c.542G>A,1,0,0,0,1,0,0,0,0
6270,204424040057_R01C01,SUB14751,mut,Vulva/Anus,Vulva/Anus,480,7578388,7578388,C,T,Missense_Mutation,SNP,p.Arg181His,Exon 5,C>T,c.542G>A,1,0,0,0,1,0,0,0,0
6096,203836210111_R06C01,SUB12648,mut,ACC,Adrenal,24,7578263,7578263,G,A,Nonsense_Mutation,SNP,p.Arg196X,Exon 6,G>A,c.586C>T,1,0,0,0,0,1,0,0,0
6327,204425700071_R05C01,SUB14750,mut,Breast,Breast,432,7578263,7578263,G,A,Nonsense_Mutation,SNP,p.Arg196X,Exon 6,G>A,c.586C>T,1,0,0,0,0,1,0,0,0
4169,5771955054_R01C01,TORONTO,mut,ACC,Adrenal,NA,7577563,7577563,G,A,Nonsense_Mutation,SNP,p.Arg196X,Exon 6,G>A,c.586C>T,1,0,0,0,0,1,0,0,0
6342,204425700121_R06C01,SUB14750,mut,Unaffected,Unaffected,NA,7578223,7578224,CT,-,Frame_Shift_Del,DEL,p.Arg209fs,Exon 6,NA,c.626_627del,1,0,0,0,0,0,0,1,0
5639,204425700092_R07C01,SUB14751,mut,ACC,Adrenal,18,7578211,7578211,C,T,Missense_Mutation,SNP,p.Arg213Gln,Exon 6,C>T,c..638G>A,1,0,0,0,1,0,0,0,0
1476,5760666030_R03C01,TORONTO,mut,CPC,CPC,6,7578211,7578211,C,T,Missense_Mutation,SNP,p.Arg213Gln,Exon 6,C>T,c.638G>A,1,0,0,0,1,0,0,0,0
1476,204425700038_R07C01,SUB14749,mut,CPC,CPC,6,7578211,7578211,C,T,Missense_Mutation,SNP,p.Arg213Gln,Exon 6,C>T,c.638G>A,1,0,0,0,1,0,0,0,0
1478,5760666030_R04C02,TORONTO,mut,Unaffected,Unaffected,NA,7578211,7578211,C,T,Missense_Mutation,SNP,p.Arg213Gln,Exon 6,C>T,c.638G>A,1,0,0,0,1,0,0,0,0
4312,204425700135_R02C01,SUB14750,mut,LMS,LMS,492,7578211,7578211,C,T,Missense_Mutation,SNP,p.Arg213Gln,Exon 6,C>T,c.638G>A,1,0,0,0,1,0,0,0,0
4312,9721365183_R02C02,MONTREAL,mut,LMS,LMS,492,7578211,7578211,C,T,Missense_Mutation,SNP,p.Arg213Gln,Exon 6,C>T,c.638G>A,1,0,0,0,1,0,0,0,0
6145,203836210071_R05C01,SUB12648,mut,CPC,CPC,0,7578211,7578211,C,T,Missense_Mutation,SNP,p.Arg213Gln,Exon 6,C>T,c.638G>A,1,0,0,0,1,0,0,0,0
6145,204425700135_R03C01,SUB14750,mut,CPC,CPC,0,7578211,7578211,C,T,Missense_Mutation,SNP,p.Arg213Gln,Exon 6,C>T,c.638G>A,1,0,0,0,1,0,0,0,0
6239,204425700139_R05C01,SUB14749,mut,Breast,Breast,264,7578212,7578212,G,A,Nonsense_Mutation,SNP,p.Arg213X,Exon 6,G>A,c.637C>T,1,0,0,0,0,1,0,0,0
6292,204425700035_R03C01,SUB14751,mut,Breast,Breast,408,7578212,7578212,G,A,Nonsense_Mutation,SNP,p.Arg213X,Exon 6,G>A,c.637C>T,1,0,0,0,0,1,0,0,0
6322,204424040061_R04C01,SUB14750,mut,Unaffected,Unaffected,NA,7578212,7578212,G,A,Nonsense_Mutation,SNP,p.Arg213X,Exon 6,G>A,c.637C>T,1,0,0,0,0,1,0,0,0
6328,204425700025_R05C01,SUB14750,mut,Breast,Breast,336,7578212,7578212,G,A,Nonsense_Mutation,SNP,p.Arg213X,Exon 6,G>A,c.637C>T,1,0,0,0,0,1,0,0,0
6354,204424040046_R07C01,SUB14750,mut,Unaffected,Unaffected,NA,7578212,7578212,G,A,Nonsense_Mutation,SNP,p.Arg213X,Exon 6,G>A,c.637C>T,1,0,0,0,0,1,0,0,0
6355,204424040061_R07C01,SUB14750,mut,Unaffected,Unaffected,NA,7578212,7578212,G,A,Nonsense_Mutation,SNP,p.Arg213X,Exon 6,G>A,c.637C>T,1,0,0,0,0,1,0,0,0
6119,203836210111_R01C01,SUB12648,mut,CPC,CPC,3,7577538,7577538,C,T,Missense_Mutation,SNP,p.Arg248Gln,Exon 7,C>T,c.14070G>A,1,0,0,0,1,0,0,0,0
2262,5760666035_R01C01,TORONTO,mut,RMS,RMS,64,7577538,7577538,C,T,Missense_Mutation,SNP,p.Arg248Gln,Exon 7,C>T,c.743G>A,1,0,0,0,1,0,0,0,0
2463,5760666048_R05C01,TORONTO,mut,LMS,LMS,639,7577538,7577538,C,T,Missense_Mutation,SNP,p.Arg248Gln,Exon 7,C>T,c.743G>A,1,0,0,0,1,0,0,0,0
2465,5760666048_R06C02,TORONTO,mut,Unaffected,Unaffected,NA,7577538,7577538,C,T,Missense_Mutation,SNP,p.Arg248Gln,Exon 7,C>T,c.743G>A,1,0,0,0,1,0,0,0,0
3268,5760666033_R01C02,TORONTO,mut,OS,OS,256,7577538,7577538,C,T,Missense_Mutation,SNP,p.Arg248Gln,Exon 7,C>T,c.743G>A,1,0,0,0,1,0,0,0,0
3273,5760666033_R03C02,TORONTO,mut,Unaffected,Unaffected,NA,7577538,7577538,C,T,Missense_Mutation,SNP,p.Arg248Gln,Exon 7,C>T,c.743G>A,1,0,0,0,1,0,0,0,0
3319,204425700127_R08C01,SUB14749,mut,OS,OS,256,7577538,7577538,C,T,Missense_Mutation,SNP,p.Arg248Gln,Exon 7,C>T,c.743G>A,1,0,0,0,1,0,0,0,0
3319,5760666033_R02C01,TORONTO,mut,OS,OS,256,7577538,7577538,C,T,Missense_Mutation,SNP,p.Arg248Gln,Exon 7,C>T,c.743G>A,1,0,0,0,1,0,0,0,0
3350,204425700140_R08C01,SUB14749,mut,Unaffected,Unaffected,NA,7577538,7577538,C,T,Missense_Mutation,SNP,p.Arg248Gln,Exon 7,C>T,c.743G>A,1,0,0,0,1,0,0,0,0
3473,5760666033_R04C01,TORONTO,mut,Sarcoma,US,312,7577538,7577538,C,T,Missense_Mutation,SNP,p.Arg248Gln,Exon 7,C>T,c.743G>A,1,0,0,0,1,0,0,0,0
3688,5760666048_R04C02,TORONTO,mut,OS,OS,291,7577538,7577538,C,T,Missense_Mutation,SNP,p.Arg248Gln,Exon 7,C>T,c.743G>A,1,0,0,0,1,0,0,0,0
3954,5760295057_R01C02,TORONTO,mut,Glioma,Glioma,24,7577538,7577538,C,T,Missense_Mutation,SNP,p.Arg248Gln,Exon 7,C>T,c.743G>A,1,0,0,0,1,0,0,0,0
4068,204425700071_R02C01,SUB14750,mut,NHL,NHL,48,7577538,7577538,C,T,Missense_Mutation,SNP,p.Arg248Gln,Exon 7,C>T,c.743G>A,1,0,0,0,1,0,0,0,0
4942,203833030032_R08C01,SUB12648,mut,RMS,RMS,36,7577538,7577538,C,T,Missense_Mutation,SNP,p.Arg248Gln,Exon 7,C>T,c.743G>A,1,0,0,0,1,0,0,0,0
4942,204424040080_R06C01,SUB14751,mut,RMS,RMS,36,7577538,7577538,C,T,Missense_Mutation,SNP,p.Arg248Gln,Exon 7,C>T,c.743G>A,1,0,0,0,1,0,0,0,0
6117,203836210110_R03C01,SUB12648,mut,Breast,Breast,300,7577538,7577538,C,T,Missense_Mutation,SNP,p.Arg248Gln,Exon 7,C>T,c.743G>A,1,0,0,0,1,0,0,0,0
6129,203836210110_R05C01,SUB12648,mut,OS,OS,168,7577538,7577538,C,T,Missense_Mutation,SNP,p.Arg248Gln,Exon 7,C>T,c.743G>A,1,0,0,0,1,0,0,0,0
6212,204425700048_R03C01,SUB14749,mut,OS,OS,288,7577538,7577538,C,T,Missense_Mutation,SNP,p.Arg248Gln,Exon 7,C>T,c.743G>A,1,0,0,0,1,0,0,0,0
6223,204425700100_R04C01,SUB14749,mut,ALL,ALL,156,7577538,7577538,C,T,Missense_Mutation,SNP,p.Arg248Gln,Exon 7,C>T,c.743G>A,1,0,0,0,1,0,0,0,0
6279,204424040056_R02C01,SUB14751,mut,Glioma,Glioma,216,7577538,7577538,C,T,Missense_Mutation,SNP,p.Arg248Gln,Exon 7,C>T,c.743G>A,1,0,0,0,1,0,0,0,0
6289,204424040080_R03C01,SUB14751,mut,Breast,Breast,444,7577538,7577538,C,T,Missense_Mutation,SNP,p.Arg248Gln,Exon 7,C>T,c.743G>A,1,0,0,0,1,0,0,0,0
2263,204425700100_R08C01,SUB14749,mut,CSA,Bone,232,7577538,7577538,C,T,Missense_Mutation,SNP,p.Arg248Gln,Exon 7,C>T,c.743G>A,1,0,0,0,1,0,0,0,0
3692,5771955053_R01C02,TORONTO,mut,ACC,Adrenal,12,7577538,7577538,C,A,Missense_Mutation,SNP,p.Arg248Leu,Exon 7,C>A,c.743G>T,1,0,0,0,1,0,0,0,0
3094,5760295040_R06C01,TORONTO,mut,Glioma,Glioma,384,7577539,7577539,G,A,Missense_Mutation,SNP,p.Arg248Trp,Exon 7,G>A,c.742C>T,1,0,0,0,1,0,0,0,0
6056,203836210071_R06C01,SUB12648,mut,Unaffected,Unaffected,NA,7577539,7577539,G,A,Missense_Mutation,SNP,p.Arg248Trp,Exon 7,G>A,c.742C>T,1,0,0,0,1,0,0,0,0
6056,204424040080_R07C01,SUB14751,mut,Unaffected,Unaffected,NA,7577539,7577539,G,A,Missense_Mutation,SNP,p.Arg248Trp,Exon 7,G>A,c.742C>T,1,0,0,0,1,0,0,0,0
6059,203836210071_R07C01,SUB12648,mut,Unaffected,Unaffected,NA,7577539,7577539,G,A,Missense_Mutation,SNP,p.Arg248Trp,Exon 7,G>A,c.742C>T,1,0,0,0,1,0,0,0,0
6059,204424040036_R07C01,SUB14751,mut,Unaffected,Unaffected,NA,7577539,7577539,G,A,Missense_Mutation,SNP,p.Arg248Trp,Exon 7,G>A,c.742C>T,1,0,0,0,1,0,0,0,0
6060,203836210071_R08C01,SUB12648,mut,Unaffected,Unaffected,NA,7577539,7577539,G,A,Missense_Mutation,SNP,p.Arg248Trp,Exon 7,G>A,c.742C>T,1,0,0,0,1,0,0,0,0
6062,204424040056_R07C01,SUB14751,mut,Glioma,Glioma,288,7577539,7577539,G,A,Missense_Mutation,SNP,p.Arg248Trp,Exon 7,G>A,c.742C>T,1,0,0,0,1,0,0,0,0
6082,203833030032_R07C01,SUB12648,mut,Glioma,Glioma,288,7577539,7577539,G,A,Missense_Mutation,SNP,p.Arg248Trp,Exon 7,G>A,c.742C>T,1,0,0,0,1,0,0,0,0
6083,203836210087_R03C01,SUB12648,mut,Unaffected,Unaffected,NA,7577539,7577539,G,A,Missense_Mutation,SNP,p.Arg248Trp,Exon 7,G>A,c.742C>T,1,0,0,0,1,0,0,0,0
6101,203836210070_R04C01,SUB12648,mut,Breast,Breast,420,7577539,7577539,G,A,Missense_Mutation,SNP,p.Arg248Trp,Exon 7,G>A,c.742C>T,1,0,0,0,1,0,0,0,0
6106,203836210087_R04C01,SUB12648,mut,Unaffected,Unaffected,NA,7577539,7577539,G,A,Missense_Mutation,SNP,p.Arg248Trp,Exon 7,G>A,c.742C>T,1,0,0,0,1,0,0,0,0
6147,203836210087_R05C01,SUB12648,mut,Unaffected,Unaffected,NA,7577539,7577539,G,A,Missense_Mutation,SNP,p.Arg248Trp,Exon 7,G>A,c.742C>T,1,0,0,0,1,0,0,0,0
6244,204425700140_R05C01,SUB14749,mut,Breast,Breast,288,7577539,7577539,G,A,Missense_Mutation,SNP,p.Arg248Trp,Exon 7,G>A,c.742C>T,1,0,0,0,1,0,0,0,0
6343,204424040046_R06C01,SUB14750,mut,Breast,Breast,420,7577539,7577539,G,A,Missense_Mutation,SNP,p.Arg248Trp,Exon 7,G>A,c.742C>T,1,0,0,0,1,0,0,0,0
6348,204425700037_R06C01,SUB14750,mut,Unaffected,Unaffected,NA,7577539,7577539,G,A,Missense_Mutation,SNP,p.Arg248Trp,Exon 7,G>A,c.742C>T,1,0,0,0,1,0,0,0,0
6364,204425700121_R08C01,SUB14750,mut,Unaffected,Unaffected,NA,7577539,7577539,G,A,Missense_Mutation,SNP,p.Arg248Trp,Exon 7,G>A,c.742C>T,1,0,0,0,1,0,0,0,0
6365,204424040046_R08C01,SUB14750,mut,CPC,CPC,12,7577539,7577539,G,A,Missense_Mutation,SNP,p.Arg248Trp,Exon 7,G>A,c.742C>T,1,0,0,0,1,0,0,0,0
3389,9721365183_R01C02,MONTREAL,mut,ACC,Adrenal,48,7577138,7577138,C,T,Missense_Mutation,SNP,p.Arg267Gln,Exon 8,C>T,c.800G>A,1,0,0,0,1,0,0,0,0
6246,204425700116_R05C01,SUB14749,mut,Unaffected,Unaffected,NA,7577138,7577138,C,T,Missense_Mutation,SNP,p.Arg267Gln,Exon 8,C>T,c.800G>A,1,0,0,0,1,0,0,0,0
6263,204425700147_R01C01,SUB14751,mut,Unaffected,Unaffected,NA,7577138,7577138,C,T,Missense_Mutation,SNP,p.Arg267Gln,Exon 8,C>T,c.800G>A,1,0,0,0,1,0,0,0,0
4599,204425700092_R05C01,SUB14751,mut,CPC,CPC,45,7577139,7577139,G,A,Missense_Mutation,SNP,p.Arg267Trp,Exon 8,G>A,c.799C>T,1,0,0,0,1,0,0,0,0
6071,203836210087_R07C01,SUB12648,mut,Unaffected,Unaffected,NA,7577139,7577139,G,A,Missense_Mutation,SNP,p.Arg267Trp,Exon 8,G>A,c.799C>T,1,0,0,0,1,0,0,0,0
3356,5760666011_R01C02,TORONTO,mut,CPC,CPC,12,7577121,7577121,G,A,Missense_Mutation,SNP,p.Arg273Cys,Exon 8,G>A,c.817C>T,1,0,0,0,1,0,0,0,0
3358,204425700102_R08C01,SUB14749,mut,Unaffected,Unaffected,NA,7577121,7577121,G,A,Missense_Mutation,SNP,p.Arg273Cys,Exon 8,G>A,c.817C>T,1,0,0,0,1,0,0,0,0
3358,5760666011_R02C01,TORONTO,mut,Unaffected,Unaffected,NA,7577121,7577121,G,A,Missense_Mutation,SNP,p.Arg273Cys,Exon 8,G>A,c.817C>T,1,0,0,0,1,0,0,0,0
3646,5760666007_R06C01,TORONTO,mut,Thyroid,Thyroid,396,7577121,7577121,G,A,Missense_Mutation,SNP,p.Arg273Cys,Exon 8,G>A,c.817C>T,1,0,0,0,1,0,0,0,0
3876,5760295040_R01C02,TORONTO,mut,Glioma,Glioma,204,7577121,7577121,G,A,Missense_Mutation,SNP,p.Arg273Cys,Exon 8,G>A,c.817C>T,1,0,0,0,1,0,0,0,0
4597,204425700147_R05C01,SUB14751,mut,Unaffected,Unaffected,NA,7577121,7577121,G,A,Missense_Mutation,SNP,p.Arg273Cys,Exon 8,G>A,c.817C>T,1,0,0,0,1,0,0,0,0
6311,204425700143_R02C01,SUB14749,mut,RMS,RMS,24,7577121,7577121,G,A,Missense_Mutation,SNP,p.Arg273Cys,Exon 8,G>A,c.817C>T,1,0,0,0,1,0,0,0,0
2085,5760666038_R05C02,TORONTO,mut,RMS,RMS,20,7577120,7577120,C,T,Missense_Mutation,SNP,p.Arg273His,Exon 8,C>T,c.818G>A,1,0,0,0,1,0,0,0,0
2462,5771955054_R04C02,TORONTO,mut,Breast,Breast,353,7577120,7577120,C,T,Missense_Mutation,SNP,p.Arg273His,Exon 8,C>T,c.818G>A,1,0,0,0,1,0,0,0,0
4076,204425700025_R02C01,SUB14750,mut,Breast,Breast,324,7577120,7577120,C,T,Missense_Mutation,SNP,p.Arg273His,Exon 8,C>T,c.818G>A,1,0,0,0,1,0,0,0,0
4946,204424040036_R06C01,SUB14751,mut,Unaffected,Unaffected,NA,7577120,7577120,C,T,Missense_Mutation,SNP,p.Arg273His,Exon 8,C>T,c.818G>A,1,0,0,0,1,0,0,0,0
6058,203833030032_R04C01,SUB12648,mut,ACC,Adrenal,12,7577120,7577120,C,T,Missense_Mutation,SNP,p.Arg273His,Exon 8,C>T,c.818G>A,1,0,0,0,1,0,0,0,0
6098,203836210070_R01C01,SUB12648,mut,Breast,Breast,528,7577120,7577120,C,T,Missense_Mutation,SNP,p.Arg273His,Exon 8,C>T,c.818G>A,1,0,0,0,1,0,0,0,0
6104,203836210068_R03C01,SUB12648,mut,RMS,RMS,24,7577120,7577120,C,T,Missense_Mutation,SNP,p.Arg273His,Exon 8,C>T,c.818G>A,1,0,0,0,1,0,0,0,0
6133,204425700025_R03C01,SUB14750,mut,RMS,RMS,24,7577120,7577120,C,T,Missense_Mutation,SNP,p.Arg273His,Exon 8,C>T,c.818G>A,1,0,0,0,1,0,0,0,0
6209,204425700102_R02C01,SUB14749,mut,OS,OS,168,7577120,7577120,C,T,Missense_Mutation,SNP,p.Arg273His,Exon 8,C>T,c.818G>A,1,0,0,0,1,0,0,0,0
6211,204425700100_R03C01,SUB14749,mut,Glioma,Glioma,420,7577120,7577120,C,T,Missense_Mutation,SNP,p.Arg273His,Exon 8,C>T,c.818G>A,1,0,0,0,1,0,0,0,0
6213,204425700029_R03C01,SUB14749,mut,Breast,Breast,396,7577120,7577120,C,T,Missense_Mutation,SNP,p.Arg273His,Exon 8,C>T,c.818G>A,1,0,0,0,1,0,0,0,0
6214,204425700085_R03C01,SUB14749,mut,Unaffected,Unaffected,NA,7577120,7577120,C,T,Missense_Mutation,SNP,p.Arg273His,Exon 8,C>T,c.818G>A,1,0,0,0,1,0,0,0,0
6224,204425700048_R04C01,SUB14749,mut,Breast,Breast,372,7577120,7577120,C,T,Missense_Mutation,SNP,p.Arg273His,Exon 8,C>T,c.818G>A,1,0,0,0,1,0,0,0,0
6225,204425700029_R04C01,SUB14749,mut,Unaffected,Unaffected,NA,7577120,7577120,C,T,Missense_Mutation,SNP,p.Arg273His,Exon 8,C>T,c.818G>A,1,0,0,0,1,0,0,0,0
6227,204425700139_R04C01,SUB14749,mut,Unaffected,Unaffected,NA,7577120,7577120,C,T,Missense_Mutation,SNP,p.Arg273His,Exon 8,C>T,c.818G>A,1,0,0,0,1,0,0,0,0
6228,204425700089_R04C01,SUB14749,mut,Unaffected,Unaffected,NA,7577120,7577120,C,T,Missense_Mutation,SNP,p.Arg273His,Exon 8,C>T,c.818G>A,1,0,0,0,1,0,0,0,0
6245,204425700102_R05C01,SUB14749,mut,Unaffected,Unaffected,NA,7577120,7577120,C,T,Missense_Mutation,SNP,p.Arg273His,Exon 8,C>T,c.818G>A,1,0,0,0,1,0,0,0,0
6274,204425700067_R02C01,SUB14751,mut,Sebaceous adenocarcinoma,Skin,348,7577120,7577120,C,T,Missense_Mutation,SNP,p.Arg273His,Exon 8,C>T,c.818G>A,1,0,0,0,1,0,0,0,0
6291,204424040056_R03C01,SUB14751,mut,Breast,Breast,648,7577120,7577120,C,T,Missense_Mutation,SNP,p.Arg273His,Exon 8,C>T,c.818G>A,1,0,0,0,1,0,0,0,0
6299,204425700147_R04C01,SUB14751,mut,DLBCL,DLBCL,432,7577120,7577120,C,T,Missense_Mutation,SNP,p.Arg273His,Exon 8,C>T,c.818G>A,1,0,0,0,1,0,0,0,0
6304,204425700116_R01C01,SUB14749,mut,Breast,Breast,348,7577120,7577120,C,T,Missense_Mutation,SNP,p.Arg273His,Exon 8,C>T,c.818G>A,1,0,0,0,1,0,0,0,0
6318,204425700054_R04C01,SUB14750,mut,Unaffected,Unaffected,NA,7577120,7577120,C,T,Missense_Mutation,SNP,p.Arg273His,Exon 8,C>T,c.818G>A,1,0,0,0,1,0,0,0,0
6358,204425700046_R07C01,SUB14750,mut,Breast,Breast,336,7577120,7577120,C,T,Missense_Mutation,SNP,p.Arg273His,Exon 8,C>T,c.818G>A,1,0,0,0,1,0,0,0,0
1087,5760666027_R01C02,TORONTO,mut,AA,Adrenal,75,7577121,7577121,G,T,Missense_Mutation,SNP,p.Arg273Ser,Exon 8,G>T,c.817C>A,1,0,0,0,1,0,0,0,0
1092,5760666027_R02C01,TORONTO,mut,MFH,MFH,324,7577121,7577121,G,T,Missense_Mutation,SNP,p.Arg273Ser,Exon 8,G>T,c.817C>A,1,0,0,0,1,0,0,0,0
1094,204425700127_R07C01,SUB14749,mut,AA,Adrenal,75,7577121,7577121,G,T,Missense_Mutation,SNP,p.Arg273Ser,Exon 8,G>T,c.817C>A,1,0,0,0,1,0,0,0,0
6341,204425700118_R06C01,SUB14750,mut,OS,OS,252,7577094,7577094,G,C,Missense_Mutation,SNP,p.Arg282Gly,Exon 8,G>C,c.844C>G,1,0,0,0,1,0,0,0,0
4912,204425700092_R06C01,SUB14751,mut,Breast,Breast,313,7577094,7577094,G,A,Missense_Mutation,SNP,p.Arg282Trp,Exon 8,G>A,c.844C>T,1,0,0,0,1,0,0,0,0
4165,5771955053_R06C01,TORONTO,mut,ACC,Adrenal,NA,7577094,7577094,G,A,Missense_Mutation,SNP,p.Arg282Trp,Exon 8,G>A,c.844C>T,1,0,0,0,1,0,0,0,0
3879,5760666007_R04C01,TORONTO,mut,Unaffected,Unaffected,NA,7577091,7577091,G,A,Missense_Mutation,SNP,p.Arg283Cys,Exon 8,G>A,c.14516C>T,1,0,0,0,1,0,0,0,0
3880,5760666007_R03C02,TORONTO,mut,Unaffected,Unaffected,NA,7577091,7577091,G,A,Missense_Mutation,SNP,p.Arg283Cys,Exon 8,G>A,c.14516C>T,1,0,0,0,1,0,0,0,0
6281,204425700137_R02C01,SUB14751,mut,Skin,Skin,480,7577091,7577091,G,A,Missense_Mutation,SNP,p.Arg283Cys,Exon 8,G>A,c.847C>T,1,0,0,0,1,0,0,0,0
6120,204425700143_R01C01,SUB14749,mut,Meningioma,Meningioma,264,7577022,7577022,G,A,Nonsense_Mutation,SNP,p.Arg306X,Exon 8,G>A,c.916C>T,1,0,0,0,0,1,0,0,0
6130,203836210071_R03C01,SUB12648,mut,Unaffected,Unaffected,NA,7577022,7577022,G,A,Nonsense_Mutation,SNP,p.Arg306X,Exon 8,G>A,c.916C>T,1,0,0,0,0,1,0,0,0
6136,203836210068_R05C01,SUB12648,mut,Unaffected,Unaffected,NA,7577022,7577022,G,A,Nonsense_Mutation,SNP,p.Arg306X,Exon 8,G>A,c.916C>T,1,0,0,0,0,1,0,0,0
6236,204425700048_R05C01,SUB14749,mut,Breast,Breast,348,7577022,7577022,G,A,Nonsense_Mutation,SNP,p.Arg306X,Exon 8,G>A,c.916C>T,1,0,0,0,0,1,0,0,0
6237,204425700029_R05C01,SUB14749,mut,Breast,Breast,348,7577022,7577022,G,A,Nonsense_Mutation,SNP,p.Arg306X,Exon 8,G>A,c.916C>T,1,0,0,0,0,1,0,0,0
6266,204424040036_R01C01,SUB14751,mut,RMS,RMS,12,7577022,7577022,G,A,Nonsense_Mutation,SNP,p.Arg306X,Exon 8,G>A,c.916C>T,1,0,0,0,0,1,0,0,0
3391,5760295056_R06C02,TORONTO,mut,Unaffected,Unaffected,NA,7577022,7577022,C,T,Nonsense_Mutation,SNP,p.Arg306X,Exon 8,C>T,c.916G>A,1,0,0,0,0,1,0,0,0
6288,204425700092_R03C01,SUB14751,mut,Skin,Skin,300,7574018,7574018,G,A,Missense_Mutation,SNP,p.Arg337Cys,Exon 10,G>A,c.1009C>T,0,0,1,0,1,0,0,0,0
6356,204425700135_R07C01,SUB14750,mut,Breast,Breast,336,7574018,7574018,G,A,Missense_Mutation,SNP,p.Arg337Cys,Exon 10,G>A,c.1009C>T,0,0,1,0,1,0,0,0,0
6357,204424040063_R07C01,SUB14750,mut,Breast,Breast,312,7574018,7574018,G,A,Missense_Mutation,SNP,p.Arg337Cys,Exon 10,G>A,c.1009C>T,0,0,1,0,1,0,0,0,0
3205,5760295057_R03C02,TORONTO,mut,Glioma,Glioma,600,7574017,7574017,C,T,Missense_Mutation,SNP,p.Arg337His,Exon 10,C>T, c.1010G>A,0,0,1,0,1,0,0,0,0
3209,5760666033_R06C01,TORONTO,mut,Breast,Breast,480,7574017,7574017,C,T,Missense_Mutation,SNP,p.Arg337His,Exon 10,C>T,c.1010G>A,0,0,1,0,1,0,0,0,0
3304,5771955054_R02C02,TORONTO,mut,ACC,Adrenal,12,7574017,7574017,C,T,Missense_Mutation,SNP,p.Arg337His,Exon 10,C>T,c.1010G>A,0,0,1,0,1,0,0,0,0
3884,5760666057_R04C02,TORONTO,mut,ACC,Adrenal,12,7574017,7574017,C,T,Missense_Mutation,SNP,p.Arg337His,Exon 10,C>T,c.1010G>A,0,0,1,0,1,0,0,0,0
3886,5771955049_R01C02,TORONTO,mut,ACC,Adrenal,12,7574017,7574017,C,T,Missense_Mutation,SNP,p.Arg337His,Exon 10,C>T,c.1010G>A,0,0,1,0,1,0,0,0,0
3887,5771955049_R02C01,TORONTO,mut,ACC,Adrenal,36,7574017,7574017,C,T,Missense_Mutation,SNP,p.Arg337His,Exon 10,C>T,c.1010G>A,0,0,1,0,1,0,0,0,0
3888,5771955051_R03C01,TORONTO,mut,ACC,Adrenal,36,7574017,7574017,C,T,Missense_Mutation,SNP,p.Arg337His,Exon 10,C>T,c.1010G>A,0,0,1,0,1,0,0,0,0
3889,203836210110_R08C01,SUB12648,mut,ACC,Adrenal,48,7574017,7574017,C,T,Missense_Mutation,SNP,p.Arg337His,Exon 10,C>T,c.1010G>A,0,0,1,0,1,0,0,0,0
3889,5771955051_R04C02,TORONTO,mut,ACC,Adrenal,48,7574017,7574017,C,T,Missense_Mutation,SNP,p.Arg337His,Exon 10,C>T,c.1010G>A,0,0,1,0,1,0,0,0,0
6113,203836210068_R06C01,SUB12648,mut,Breast,Breast,312,7574017,7574017,C,T,Missense_Mutation,SNP,p.Arg337His,Exon 10,C>T,c.1010G>A,0,0,1,0,1,0,0,0,0
6113,204425700089_R01C01,SUB14749,mut,Breast,Breast,312,7574017,7574017,C,T,Missense_Mutation,SNP,p.Arg337His,Exon 10,C>T,c.1010G>A,0,0,1,0,1,0,0,0,0
6122,204425700038_R01C01,SUB14749,mut,Parathyroid,Parathyroid,684,7574017,7574017,C,T,Missense_Mutation,SNP,p.Arg337His,Exon 10,C>T,c.1010G>A,0,0,1,0,1,0,0,0,0
6132,203836210071_R02C01,SUB12648,mut,Unaffected,Unaffected,NA,7574017,7574017,C,T,Missense_Mutation,SNP,p.Arg337His,Exon 10,C>T,c.1010G>A,0,0,1,0,1,0,0,0,0
6132,204425700071_R03C01,SUB14750,mut,Unaffected,Unaffected,NA,7574017,7574017,C,T,Missense_Mutation,SNP,p.Arg337His,Exon 10,C>T,c.1010G>A,0,0,1,0,1,0,0,0,0
6230,204425700127_R04C01,SUB14749,mut,Breast,Breast,444,7574017,7574017,C,T,Missense_Mutation,SNP,p.Arg337His,Exon 10,C>T,c.1010G>A,0,0,1,0,1,0,0,0,0
6231,204425700038_R04C01,SUB14749,mut,Breast,Breast,456,7574017,7574017,C,T,Missense_Mutation,SNP,p.Arg337His,Exon 10,C>T,c.1010G>A,0,0,1,0,1,0,0,0,0
6232,204425700140_R04C01,SUB14749,mut,Unaffected,Unaffected,NA,7574017,7574017,C,T,Missense_Mutation,SNP,p.Arg337His,Exon 10,C>T,c.1010G>A,0,0,1,0,1,0,0,0,0
6233,204425700102_R04C01,SUB14749,mut,Breast,Breast,300,7574017,7574017,C,T,Missense_Mutation,SNP,p.Arg337His,Exon 10,C>T,c.1010G>A,0,0,1,0,1,0,0,0,0
6234,204425700116_R04C01,SUB14749,mut,Breast,Breast,480,7574017,7574017,C,T,Missense_Mutation,SNP,p.Arg337His,Exon 10,C>T,c.1010G>A,0,0,1,0,1,0,0,0,0
3975,5760666003_R01C01,TORONTO,mut,CPC,CPC,29,7574003,7574003,G,A,Nonsense_Mutation,SNP,p.Arg342X,Exon 10,G>A,c.1024C>T,0,0,1,0,0,1,0,0,0
3977,5760666003_R02C02,TORONTO,mut,Breast,Breast,NA,7574003,7574003,G,A,Nonsense_Mutation,SNP,p.Arg342X,Exon 10,G>A,c.1024C>T,0,0,1,0,0,1,0,0,0
4173,204425700118_R02C01,SUB14750,mut,Unaffected,Unaffected,NA,7574003,7574003,G,A,Nonsense_Mutation,SNP,p.Arg342X,Exon 10,G>A,c.1024C>T,0,0,1,0,0,1,0,0,0
4176,5760666003_R05C01,TORONTO,mut,Unaffected,Unaffected,NA,7574003,7574003,G,A,Nonsense_Mutation,SNP,p.Arg342X,Exon 10,G>A,c.1024C>T,0,0,1,0,0,1,0,0,0
4183,204425700121_R02C01,SUB14750,mut,Unaffected,Unaffected,NA,7574003,7574003,G,A,Nonsense_Mutation,SNP,p.Arg342X,Exon 10,G>A,c.1024C>T,0,0,1,0,0,1,0,0,0
4183,5760666003_R04C02,TORONTO,mut,Unaffected,Unaffected,NA,7574003,7574003,G,A,Nonsense_Mutation,SNP,p.Arg342X,Exon 10,G>A,c.1024C>T,0,0,1,0,0,1,0,0,0
4184,5760666003_R03C01,TORONTO,mut,Unaffected,Unaffected,NA,7574003,7574003,G,A,Nonsense_Mutation,SNP,p.Arg342X,Exon 10,G>A,c.1024C>T,0,0,1,0,0,1,0,0,0
4184,204424040046_R02C01,SUB14750,mut,Unaffected,Unaffected,NA,7574003,7574003,G,A,Nonsense_Mutation,SNP,p.Arg342X,Exon 10,G>A,c.1024C>T,0,0,1,0,0,1,0,0,0
4186,5760295057_R06C01,TORONTO,mut,Unaffected,Unaffected,NA,7574003,7574003,G,A,Nonsense_Mutation,SNP,p.Arg342X,Exon 10,G>A,c.1024C>T,0,0,1,0,0,1,0,0,0
6241,204425700143_R05C01,SUB14749,mut,Breast,Breast,324,7574003,7574003,G,A,Nonsense_Mutation,SNP,p.Arg342X,Exon 10,G>A,c.1024C>T,0,0,1,0,0,1,0,0,0
6242,204425700127_R05C01,SUB14749,mut,FS,FS,36,7574003,7574003,G,A,Nonsense_Mutation,SNP,p.Arg342X,Exon 10,G>A,c.1024C>T,0,0,1,0,0,1,0,0,0
6243,204425700038_R05C01,SUB14749,mut,Glioma,Glioma,156,7574003,7574003,G,A,Nonsense_Mutation,SNP,p.Arg342X,Exon 10,G>A,c.1024C>T,0,0,1,0,0,1,0,0,0
4164,5771955053_R03C02,TORONTO,mut,ACC,Adrenal,NA,NA,NA,G,A,Nonsense_Mutation,SNP,p.Arg342X,Exon 10,G>A,c.1024C>T,0,0,1,0,0,1,0,0,0
6258,204425700116_R06C01,SUB14749,mut,Breast,Breast,848.04,7577564,7577564,G,C,Missense_Mutation,SNP,p.Asn239Lys,Exon 7,G>C,c.717C>G,1,0,0,0,1,0,0,0,0
6259,204425700100_R07C01,SUB14749,mut,Breast,Breast,576,7577564,7577564,G,C,Missense_Mutation,SNP,p.Asn239Lys,Exon 7,G>C,c.717C>G,1,0,0,0,1,0,0,0,0
6287,204425700147_R03C01,SUB14751,mut,RMS,RMS,24,7577564,7577564,G,C,Missense_Mutation,SNP,p.Asn239Lys,Exon 7,G>C,c.717C>G,1,0,0,0,1,0,0,0,0
6324,204424040063_R04C01,SUB14750,mut,Unaffected,Unaffected,NA,7577564,7577564,G,C,Missense_Mutation,SNP,p.Asn239Lys,Exon 7,G>C,c.717C>G,1,0,0,0,1,0,0,0,0
6340,204425700054_R06C01,SUB14750,mut,Unaffected,Unaffected,NA,7577564,7577564,G,C,Missense_Mutation,SNP,p.Asn239Lys,Exon 7,G>C,c.717C>G,1,0,0,0,1,0,0,0,0
2957,5760666027_R06C01,TORONTO,mut,ACC,Adrenal,12,7577596,7577596,A,G,Missense_Mutation,SNP,p.Cys229Arg,Exon 7,A>G,c.685T>C,1,0,0,0,1,0,0,0,0
2957,5771955049_R05C02,TORONTO,mut,ACC,Adrenal,12,7577596,7577596,A,G,Missense_Mutation,SNP,p.Cys229Arg,Exon 7,A>G,c.685T>C,1,0,0,0,1,0,0,0,0
3892,5771955053_R02C01,TORONTO,mut,ACC,Adrenal,156,7577596,7577596,A,G,Missense_Mutation,SNP,p.Cys229Arg,Exon 7,A>G,c.685T>C,1,0,0,0,1,0,0,0,0
1929,204425700102_R07C01,SUB14749,mut,ACC,Adrenal,44,7574116,7574116,-,CACCT,Frame_Shift_Del_Ins,DEL_INS,p.Cys275Ter,Exon 8,NA,c.14494-14501del8insAGGTG,1,0,0,0,0,0,0,1,0
6100,203836210070_R03C01,SUB12648,mut,Breast,Breast,564,7578225,7578225,C,T,Missense_Mutation,SNP,p.Cys275Tyr,Exon 6,C>T,c.824G>A,1,0,0,0,1,0,0,0,0
6262,204425700067_R01C01,SUB14751,mut,MFH,MFH,612,7578437,7578437,G,A,Nonsense_Mutation,SNP,p.Gln165X,Exon 5,G>A,c.493C>T,1,0,0,0,0,1,0,0,0
6320,204425700121_R04C01,SUB14750,mut,OS,OS,216,7578437,7578437,G,A,Nonsense_Mutation,SNP,p.Gln165X,Exon 5,G>A,c.493C>T,1,0,0,0,0,1,0,0,0
3367,5771955051_R05C01,TORONTO,mut,ACC,Adrenal,180,7579530,7579533,-,CAGGTC,Frame_Shift_Del_Ins,DEL_INS,p.Gln52fs,Exon 4,NA,c.154_157delinsGACCTG,0,1,0,0,0,0,0,1,0
2765,5760666027_R05C02,TORONTO,mut,ACC,Adrenal,24,7578392,7578392,C,T,Missense_Mutation,SNP,p.Glu180Lys,Exon 5,C>T,c.538G>A,1,0,0,0,1,0,0,0,0
2765,5771955049_R04C01,TORONTO,mut,ACC,Adrenal,24,7578392,7578392,C,T,Missense_Mutation,SNP,p.Glu180Lys,Exon 5,C>T,c.538G>A,1,0,0,0,1,0,0,0,0
4180,5760295040_R05C02,TORONTO,mut,PNET,PNET,96,7578187,7578187,A,-,Frame_Shift_Del,DEL,p.Glu221fs,Exon 6,NA,c.662delA,1,0,0,0,0,0,0,1,0
6079,203836210104_R05C01,SUB12648,mut,ACC,Adrenal,12,7577126,7577126,T,A,Missense_Mutation,SNP,p.Glu271Val,Exon 8,T>A,c.812A>T,1,0,0,0,1,0,0,0,0
6079,204425700067_R08C01,SUB14751,mut,ACC,Adrenal,12,7577126,7577126,T,A,Missense_Mutation,SNP,p.Glu271Val,Exon 8,T>A,c.812A>T,1,0,0,0,1,0,0,0,0
6080,203836210104_R06C01,SUB12648,mut,Breast,Breast,480,7577126,7577126,T,A,Missense_Mutation,SNP,p.Glu271Val,Exon 8,T>A,c.812A>T,1,0,0,0,1,0,0,0,0
4472,204425700137_R04C01,SUB14751,mut,RMS,RMS,19,7577058,7577058,NA,NA,Frame_Shift_Ins,INS,p.Glu294fs,Exon 8,NA, c.880dup,1,0,0,0,0,0,0,1,0
4257,5760666022_R06C02,TORONTO,mut,Breast,Breast,384,7577058,7577058,NA,NA,Frame_Shift_Ins,INS,p.Glu294fs,Exon 8,NA,c.880dup,1,0,0,0,0,0,0,1,0
4257,5760666022_R04C02,TORONTO,mut,Breast,Breast,384,7577058,7577058,NA,NA,Frame_Shift_Ins,INS,p.Glu294fs,Exon 8,NA,c.880dup,1,0,0,0,0,0,0,1,0
4269,5760666022_R03C01,TORONTO,mut,RMS,RMS,19,7577058,7577058,NA,NA,Frame_Shift_Ins,INS,p.Glu294fs,Exon 8,NA,c.880dup,1,0,0,0,0,0,0,1,0
6097,203836210070_R02C01,SUB12648,mut,RMS,RMS,24,7577575,7577575,A,G,Missense_Mutation,SNP,p.Gly245Ser,Exon 7,A>G,c.706T>C,1,0,0,0,1,0,0,0,0
3733,5771955051_R02C02,TORONTO,mut,ACC,Adrenal,36,7577548,7577548,C,T,Missense_Mutation,SNP,p.Gly245Ser,Exon 7,C>T,c.733G>A,1,0,0,0,1,0,0,0,0
4227,5760666048_R01C01,TORONTO,mut,RMS,RMS,23,7577548,7577548,C,T,Missense_Mutation,SNP,p.Gly245Ser,Exon 7,C>T,c.733G>A,1,0,0,0,1,0,0,0,0
6099,204425700039_R08C01,SUB14751,mut,Angiosarcoma,Angiosarcoma,444,7577548,7577548,C,T,Missense_Mutation,SNP,p.Gly245Ser,Exon 7,C>T,c.733G>A,1,0,0,0,1,0,0,0,0
6115,203836210110_R01C01,SUB12648,mut,Breast,Breast,456,7577548,7577548,C,T,Missense_Mutation,SNP,p.Gly245Ser,Exon 7,C>T,c.733G>A,1,0,0,0,1,0,0,0,0
6134,203836210110_R02C01,SUB12648,mut,Breast,Breast,456,7577548,7577548,C,T,Missense_Mutation,SNP,p.Gly245Ser,Exon 7,C>T,c.733G>A,1,0,0,0,1,0,0,0,0
6253,204425700143_R06C01,SUB14749,mut,Unaffected,Unaffected,NA,7577548,7577548,C,T,Missense_Mutation,SNP,p.Gly245Ser,Exon 7,C>T,c.733G>A,1,0,0,0,1,0,0,0,0
6345,204425700135_R06C01,SUB14750,mut,Colon,Colon,480,7577548,7577548,C,T,Missense_Mutation,SNP,p.Gly245Ser,Exon 7,C>T,c.733G>A,1,0,0,0,1,0,0,0,0
6103,204425700048_R01C01,SUB14749,mut,ACC,Adrenal,19.2,7577141,7577141,C,T,Missense_Mutation,SNP,p.Gly266Glu,Exon 8,C>T,c.797G>A,1,0,0,0,1,0,0,0,0
6110,203836210070_R07C01,SUB12648,mut,Unaffected,Unaffected,NA,7577141,7577141,C,T,Missense_Mutation,SNP,p.Gly266Glu,Exon 8,C>T,c.797G>A,1,0,0,0,1,0,0,0,0
6124,203836210068_R02C01,SUB12648,mut,ACC,Adrenal,19.2,7577141,7577141,C,T,Missense_Mutation,SNP,p.Gly266Glu,Exon 8,C>T,c.797G>A,1,0,0,0,1,0,0,0,0
6125,203836210070_R08C01,SUB12648,mut,Unaffected,Unaffected,NA,7577141,7577141,C,T,Missense_Mutation,SNP,p.Gly266Glu,Exon 8,C>T,c.797G>A,1,0,0,0,1,0,0,0,0
6112,204425700139_R01C01,SUB14749,mut,LMS,LMS,612,7577076,7577076,C,T,Missense_Mutation,SNP,p.Gly288Arg,Exon 8,C>T,c.862G>A,1,0,0,0,1,0,0,0,0
3298A,5760666030_R01C01,TORONTO,mut,ACC,Adrenal,21,7574027,7574027,C,G,Missense_Mutation,SNP,p.Gly334Arg,Exon 10,C>G,c.1000G>C,0,0,1,0,1,0,0,0,0
3361,5760666030_R02C02,TORONTO,mut,Unaffected,Unaffected,NA,7574027,7574027,C,G,Missense_Mutation,SNP,p.Gly334Arg,Exon 10,C>G,c.1000G>C,0,0,1,0,1,0,0,0,0
6116,203836210068_R08C01,SUB12648,mut,Breast,Breast,672,7578398,7578398,G,C,Missense_Mutation,SNP,p.His178Asp,Exon 5,G>C,c.532C>G,1,0,0,0,1,0,0,0,0
4051,204424040063_R01C01,SUB14750,mut,OS,OS,132,7578395,7578395,G,A,Missense_Mutation,SNP,p.His179Tyr,Exon 5,G>A,c.535C>T,1,0,0,0,1,0,0,0,0
4052,204425700046_R01C01,SUB14750,mut,Unaffected,Unaffected,NA,7578395,7578395,G,A,Missense_Mutation,SNP,p.His179Tyr,Exon 5,G>A,c.535C>T,1,0,0,0,1,0,0,0,0
4053,204425700037_R01C01,SUB14750,mut,Unaffected,Unaffected,NA,7578395,7578395,G,A,Missense_Mutation,SNP,p.His179Tyr,Exon 5,G>A,c.535C>T,1,0,0,0,1,0,0,0,0
4053,5760666007_R05C02,TORONTO,mut,Unaffected,Unaffected,NA,7578395,7578395,G,A,Missense_Mutation,SNP,p.His179Tyr,Exon 5,G>A,c.535C>T,1,0,0,0,1,0,0,0,0
6123,204425700140_R01C01,SUB14749,mut,Glioma,Glioma,696,7578270,7578270,A,T,Missense_Mutation,SNP,p.His193GIn,Exon 6,A>T,c.579T>A,1,0,0,0,1,0,0,0,0
6127,203836210110_R06C01,SUB12648,mut,Unaffected,Unaffected,NA,7578270,7578270,A,T,Missense_Mutation,SNP,p.His193GIn,Exon 6,A>T,c.579T>A,1,0,0,0,1,0,0,0,0
6128,203836210110_R07C01,SUB12648,mut,Unaffected,Unaffected,NA,7578270,7578270,A,T,Missense_Mutation,SNP,p.His193GIn,Exon 6,A>T,c.579T>A,1,0,0,0,1,0,0,0,0
6128,204425700037_R02C01,SUB14750,mut,Unaffected,Unaffected,NA,7578270,7578270,A,T,Missense_Mutation,SNP,p.His193GIn,Exon 6,A>T,c.579T>A,1,0,0,0,1,0,0,0,0
6139,203836210071_R01C01,SUB12648,mut,Unaffected,Unaffected,NA,7578270,7578270,A,T,Missense_Mutation,SNP,p.His193GIn,Exon 6,A>T,c.579T>A,1,0,0,0,1,0,0,0,0
6143,204424040046_R03C01,SUB14750,mut,Unaffected,Unaffected,NA,7578270,7578270,A,T,Missense_Mutation,SNP,p.His193GIn,Exon 6,A>T,c.579T>A,1,0,0,0,1,0,0,0,0
4028,5760295040_R03C02,TORONTO,mut,ACC,Adrenal,13,7578271,7578271,T,G,Missense_Mutation,SNP,p.His193Pro,Exon 6,T>G,c.578A>C,1,0,0,0,1,0,0,0,0
2398,5771955053_R03C02,TORONTO,mut,ACC,Adrenal,13,7578271,7578271,T,G,Missense_Mutation,SNP,p.His193Pro,Exon 6,T>G,c.578A>C,1,0,0,0,1,0,0,0,0
6238,204425700085_R05C01,SUB14749,mut,Breast,Breast,348,7578272,7578272,G,A,Missense_Mutation,SNP,p.His193Tyr,Exon 6,G>A,c.577C>T,1,0,0,0,1,0,0,0,0
6247,204425700100_R06C01,SUB14749,mut,Breast,Breast,348,7578272,7578272,G,A,Missense_Mutation,SNP,p.His193Tyr,Exon 6,G>A,c.577C>T,1,0,0,0,1,0,0,0,0
6321,204424040046_R04C01,SUB14750,mut,Unaffected,Unaffected,NA,7578272,7578272,G,A,Missense_Mutation,SNP,p.His193Tyr,Exon 6,G>A,c.577C>T,1,0,0,0,1,0,0,0,0
6084,204425700147_R08C01,SUB14751,mut,Glioma,Glioma,408,NA,NA,A,G,Missense_Mutation,SNP,p.Ile195Thr,Exon 6,A>G,c.584T>C,1,0,0,0,1,0,0,0,0
6061,203839170017_R01C01,SUB12648,mut,Unaffected,Unaffected,NA,7577530,7577530,C,T,Missense_Mutation,SNP,p.Ile251Leu,Exon 7,C>T,c.751A>C,1,0,0,0,1,0,0,0,0
6063,204425700035_R07C01,SUB14751,mut,Colon,Colon,228,7577530,7577530,C,T,Missense_Mutation,SNP,p.Ile251Leu,Exon 7,C>T,c.751A>C,1,0,0,0,1,0,0,0,0
6064,204425700137_R07C01,SUB14751,mut,Breast,Breast,144,7577530,7577530,C,T,Missense_Mutation,SNP,p.Ile251Leu,Exon 7,C>T,c.751A>C,1,0,0,0,1,0,0,0,0
6064,203833030032_R03C01,SUB12648,mut,Breast,Breast,144,7577530,7577530,C,T,Missense_Mutation,SNP,p.Ile251Leu,Exon 7,C>T,c.751A>C,1,0,0,0,1,0,0,0,0
6068,203839170017_R03C01,SUB12648,mut,Unaffected,Unaffected,NA,7577530,7577530,C,T,Missense_Mutation,SNP,p.Ile251Leu,Exon 7,C>T,c.751A>C,1,0,0,0,1,0,0,0,0
6068,204424040040_R07C01,SUB14751,mut,Unaffected,Unaffected,NA,7577530,7577530,C,T,Missense_Mutation,SNP,p.Ile251Leu,Exon 7,C>T,c.751A>C,1,0,0,0,1,0,0,0,0
6069,204425700123_R07C01,SUB14751,mut,Thyroid,Thyroid,192,7577530,7577530,C,T,Missense_Mutation,SNP,p.Ile251Leu,Exon 7,C>T,c.751A>C,1,0,0,0,1,0,0,0,0
6070,203839170017_R04C01,SUB12648,mut,Unaffected,Unaffected,NA,7577530,7577530,C,T,Missense_Mutation,SNP,p.Ile251Leu,Exon 7,C>T,c.751A>C,1,0,0,0,1,0,0,0,0
6075,203836210087_R01C01,SUB12648,mut,Unaffected,Unaffected,NA,7577530,7577530,C,T,Missense_Mutation,SNP,p.Ile251Leu,Exon 7,C>T,c.751A>C,1,0,0,0,1,0,0,0,0
6081,203836210087_R02C01,SUB12648,mut,Unaffected,Unaffected,NA,7577530,7577530,C,T,Missense_Mutation,SNP,p.Ile251Leu,Exon 7,C>T,c.751A>C,1,0,0,0,1,0,0,0,0
6093,204424040057_R08C01,SUB14751,mut,Neurilemoma,Neurilemoma,576,7577530,7577530,C,T,Missense_Mutation,SNP,p.Ile251Leu,Exon 7,C>T,c.751A>C,1,0,0,0,1,0,0,0,0
3503,5771955051_R06C02,TORONTO,mut,ACC,Adrenal,24,7577520,7577520,A,G,Missense_Mutation,SNP,p.Ile254Thr,Exon 7,A>G,c.761T>C,1,0,0,0,1,0,0,0,0
6284,204425700123_R02C01,SUB14751,mut,RMS,RMS,84,7577515,7577517,TGA,-,Frame_Shift_Del,DEL,p.Ile255del,Exon 7,NA,c.764_766del,1,0,0,0,0,0,0,1,0
6286,204425700067_R03C01,SUB14751,mut,Breast,Breast,312,7577515,7577517,TGA,-,Frame_Shift_Del,DEL,p.Ile255del,Exon 7,NA,c.764_766del,1,0,0,0,0,0,0,1,0
6325,204425700046_R04C01,SUB14750,mut,Unaffected,Unaffected,NA,7577515,7577517,TGA,-,Frame_Shift_Del,DEL,p.Ile255del,Exon 7,NA,c.764_766del,1,0,0,0,0,0,0,1,0
6349,204425700071_R07C01,SUB14750,mut,Unaffected,Unaffected,NA,7577515,7577517,TGA,-,Frame_Shift_Del,DEL,p.Ile255del,Exon 7,NA,c.764_766del,1,0,0,0,0,0,0,1,0
6351,204425700054_R07C01,SUB14750,mut,Unaffected,Unaffected,NA,7577515,7577517,TGA,-,Frame_Shift_Del,DEL,p.Ile255del,Exon 7,NA,c.764_766del,1,0,0,0,0,0,0,1,0
6312,204425700127_R02C01,SUB14749,mut,ACC,Adrenal,24,7579355,7579355,A,G,Missense_Mutation,SNP,p.Leu111Pro,Exon 4,A>G,c.332T>C,0,1,0,0,1,0,0,0,0
6329,204425700054_R05C01,SUB14750,mut,Unaffected,Unaffected,NA,7578541,7578541,A,G,Missense_Mutation,SNP,p.Leu130Pro,Exon 5,A>G,c.389T>C,1,0,0,0,1,0,0,0,0
6330,204425700118_R05C01,SUB14750,mut,Unaffected,Unaffected,NA,7578541,7578541,A,G,Missense_Mutation,SNP,p.Leu130Pro,Exon 5,A>G,c.389T>C,1,0,0,0,1,0,0,0,0
6347,204425700046_R06C01,SUB14750,mut,Breast,Breast,300,7578541,7578541,A,G,Missense_Mutation,SNP,p.Leu130Pro,Exon 5,A>G,c.389T>C,1,0,0,0,1,0,0,0,0
6074,204425700039_R07C01,SUB14751,mut,Skin,Skin,300,7578269,7578269,G,A,Missense_Mutation,SNP,p.Leu194Phe,Exon 6,G>A,c.580C>T,1,0,0,0,1,0,0,0,0
6077,203839170017_R06C01,SUB12648,mut,Unaffected,Unaffected,NA,7578269,7578269,G,A,Missense_Mutation,SNP,p.Leu194Phe,Exon 6,G>A,c.580C>T,1,0,0,0,1,0,0,0,0
6078,203839170017_R07C01,SUB12648,mut,Unaffected,Unaffected,NA,7578269,7578269,G,A,Missense_Mutation,SNP,p.Leu194Phe,Exon 6,G>A,c.580C>T,1,0,0,0,1,0,0,0,0
4037,5771955053_R05C02,,mut,ACC,Adrenal,NA,NA,NA,A,T,Missense_Mutation,SNP,p.Leu265Gln,Exon 8,A>T,c.794T>A,1,0,0,0,1,0,0,0,0
3667,5760295057_R02C01,TORONTO,mut,Glioma,Glioma,65,7577144,7577144,A,G,Missense_Mutation,SNP,p.Leu265Pro,Exon 8,A>G,c.794T>C,1,0,0,0,1,0,0,0,0
6229,204425700143_R04C01,SUB14749,mut,Breast,Breast,336,7577570,7577570,C,T,Missense_Mutation,SNP,p.Met237Ile,Exon 7,C>T,c.711G>A,1,0,0,0,1,0,0,0,0
6294,204424040057_R03C01,SUB14751,mut,Unaffected,Unaffected,NA,7577545,7577545,T,C,Missense_Mutation,SNP,p.Met246Val,Exon 7,T>C,c.736A>G,1,0,0,0,1,0,0,0,0
6295,204424040040_R03C01,SUB14751,mut,Unaffected,Unaffected,NA,7577545,7577545,T,C,Missense_Mutation,SNP,p.Met246Val,Exon 7,T>C,c.736A>G,1,0,0,0,1,0,0,0,0
6316,204425700071_R04C01,SUB14750,mut,Colon,Colon,672,7577545,7577545,T,C,Missense_Mutation,SNP,p.Met246Val,Exon 7,T>C,c.736A>G,1,0,0,0,1,0,0,0,0
6319,204425700118_R04C01,SUB14750,mut,Breast,Breast,456,7577545,7577545,T,C,Missense_Mutation,SNP,p.Met246Val,Exon 7,T>C,c.736A>G,1,0,0,0,1,0,0,0,0
6222,204425700116_R03C01,SUB14749,mut,OS,OS,168,7579361,7579361,-,TTGGG,Frame_Shift_Del_Ins,DEL_INS,p.Phe109fs,Exon 4,NA,c.326delinsCCCAA,0,1,0,0,0,0,0,1,0
6264,204425700092_R01C01,SUB14751,mut,Unaffected,Unaffected,NA,7579361,7579361,-,TTGGG,Frame_Shift_Del_Ins,DEL_INS,p.Phe109fs,Exon 4,NA,c.326delinsCCCAA,0,1,0,0,0,0,0,1,0
6302,204424040036_R04C01,SUB14751,mut,ACC,Adrenal,12,7579361,7579361,-,TTGGG,Frame_Shift_Del_Ins,DEL_INS,p.Phe109fs,Exon 4,NA,c.326delinsCCCAA,0,1,0,0,0,0,0,1,0
6339,204425700025_R06C01,SUB14750,mut,Unaffected,Unaffected,NA,7579361,7579361,-,TTGGG,Frame_Shift_Del_Ins,DEL_INS,p.Phe109fs,Exon 4,NA,c.326delinsCCCAA,0,1,0,0,0,0,0,1,0
6368,204424040063_R08C01,SUB14750,mut,Unaffected,Unaffected,NA,7579361,7579361,-,TTGGG,Frame_Shift_Del_Ins,DEL_INS,p.Phe109fs,Exon 4,NA,c.326delinsCCCAA,0,1,0,0,0,0,0,1,0
2565,5760666053_R02C01,TORONTO,mut,Unaffected,Unaffected,NA,7578529,7578529,A,T,Missense_Mutation,SNP,p.Phe134Tyr,Exon 5,A>T,c.401T>A,1,0,0,0,1,0,0,0,0
2814,204425700085_R08C01,SUB14749,mut,ACC,Adrenal,171,7578529,7578529,A,T,Missense_Mutation,SNP,p.Phe134Tyr,Exon 5,A>T,c.401T>A,1,0,0,0,1,0,0,0,0
2814,5760666053_R01C02,TORONTO,mut,ACC,Adrenal,171,7578529,7578529,A,T,Missense_Mutation,SNP,p.Phe134Tyr,Exon 5,A>T,c.401T>A,1,0,0,0,1,0,0,0,0
2815,5760666053_R03C02,TORONTO,mut,Unaffected,Unaffected,NA,7578529,7578529,A,T,Missense_Mutation,SNP,p.Phe134Tyr,Exon 5,A>T,c.401T>A,1,0,0,0,1,0,0,0,0
6067,203833030032_R02C01,SUB12648,mut,Breast,Breast,372,7577129,7577129,A,C,Missense_Mutation,SNP,p.Phe270Cys,Exon 8,A>C,c.809T>G,1,0,0,0,1,0,0,0,0
6146,203836210087_R06C01,SUB12648,mut,Breast,Breast,372,7577129,7577129,A,C,Missense_Mutation,SNP,p.Phe270Cys,Exon 8,A>C,c.809T>G,1,0,0,0,1,0,0,0,0
6146,204424040063_R03C01,SUB14750,mut,Breast,Breast,372,7577129,7577129,A,C,Missense_Mutation,SNP,p.Phe270Cys,Exon 8,A>C,c.809T>G,1,0,0,0,1,0,0,0,0
5065,204424040057_R06C01,SUB14751,mut,Unaffected,Unaffected,NA,7574014,7574014,A,G,Missense_Mutation,SNP,p.Phe338Ser,Exon 10,A>G,c.1013T>C,0,0,1,0,1,0,0,0,0
5066,204424040040_R06C01,SUB14751,mut,Unaffected,Unaffected,NA,7574014,7574014,A,G,Missense_Mutation,SNP,p.Phe338Ser,Exon 10,A>G,c.1013T>C,0,0,1,0,1,0,0,0,0
5067,204425700123_R06C01,SUB14751,mut,Unaffected,Unaffected,NA,7574014,7574014,A,G,Missense_Mutation,SNP,p.Phe338Ser,Exon 10,A>G,c.1013T>C,0,0,1,0,1,0,0,0,0
2484,5760295056_R05C01,TORONTO,mut,Breast,Breast,422,7578545,7578546,TG,C,Frame_Shift_Del_Ins,DEL_INS,p.Pro128fs,Exon 5,NA,c.384_385delTGinsC,1,0,0,0,0,0,0,1,0
3320,5760295056_R04C02,TORONTO,mut,Glioma,Glioma,129,7578545,7578546,TG,C,Frame_Shift_Del_Ins,DEL_INS,p.Pro128fs,Exon 5,NA,c.384_385delTGinsC,1,0,0,0,0,0,0,1,0
3320,204425700038_R08C01,SUB14749,mut,Glioma,Glioma,129,7578545,7578546,TG,C,Frame_Shift_Del_Ins,DEL_INS,p.Pro128fs,Exon 5,NA,c.384_385delTGinsC,1,0,0,0,0,0,0,1,0
6256,204425700140_R06C01,SUB14749,mut,Breast,Breast,420,7578478,7578478,G,C,Missense_Mutation,SNP,p.Pro151Arg,Exon 5,G>C,c.452C>G,1,0,0,0,1,0,0,0,0
1843,5760666053_R06C01,TORONTO,mut,High Grade Sarcoma,US,731,7578475,7578475,G,A,Missense_Mutation,SNP,p.Pro152Leu,Exon 5,G>A,c.455C>T,1,0,0,0,1,0,0,0,0
352,5760666053_R04C01,TORONTO,mut,ACC,Adrenal,30,7578475,7578475,G,A,Missense_Mutation,SNP,p.Pro152Leu,Exon 5,G>A,c.455C>T,1,0,0,0,1,0,0,0,0
353,5760666053_R05C02,TORONTO,mut,Breast,Breast,564,7578475,7578475,G,A,Missense_Mutation,SNP,p.Pro152Leu,Exon 5,G>A,c.455C>T,1,0,0,0,1,0,0,0,0
6220,204425700140_R03C01,SUB14749,mut,Skin,Skin,672,7578475,7578475,G,A,Missense_Mutation,SNP,p.Pro152Leu,Exon 5,G>A,c.455C>T,1,0,0,0,1,0,0,0,0
6221,204425700102_R03C01,SUB14749,mut,Skin,Skin,468,7578475,7578475,G,A,Missense_Mutation,SNP,p.Pro152Leu,Exon 5,G>A,c.455C>T,1,0,0,0,1,0,0,0,0
6332,204424040046_R05C01,SUB14750,mut,Breast,Breast,387.96,7578475,7578475,G,A,Missense_Mutation,SNP,p.Pro152Leu,Exon 5,G>A,c.455C>T,1,0,0,0,1,0,0,0,0
6076,203839170017_R05C01,SUB12648,mut,Unaffected,Unaffected,NA,7578400,7578400,G,C,Missense_Mutation,SNP,p.Pro177Arg,Exon 5,G>C,c.530C>G,1,0,0,0,1,0,0,0,0
6085,203836210104_R07C01,SUB12648,mut,Unaffected,Unaffected,NA,7578400,7578400,G,C,Missense_Mutation,SNP,p.Pro177Arg,Exon 5,G>C,c.530C>G,1,0,0,0,1,0,0,0,0
6086,204425700092_R08C01,SUB14751,mut,Chordoma,Chordoma,204,7578400,7578400,G,C,Missense_Mutation,SNP,p.Pro177Arg,Exon 5,G>C,c.530C>G,1,0,0,0,1,0,0,0,0
6087,204424040080_R08C01,SUB14751,mut,Glioma,Glioma,180,7578400,7578400,G,C,Missense_Mutation,SNP,p.Pro177Arg,Exon 5,G>C,c.530C>G,1,0,0,0,1,0,0,0,0
6088,203836210104_R02C01,SUB12648,mut,Unaffected,Unaffected,NA,7578400,7578400,G,C,Missense_Mutation,SNP,p.Pro177Arg,Exon 5,G>C,c.530C>G,1,0,0,0,1,0,0,0,0
6088,204424040036_R08C01,SUB14751,mut,Unaffected,Unaffected,NA,7578400,7578400,G,C,Missense_Mutation,SNP,p.Pro177Arg,Exon 5,G>C,c.530C>G,1,0,0,0,1,0,0,0,0
6089,204424040056_R08C01,SUB14751,mut,GCT,GCT,300,7578400,7578400,G,C,Missense_Mutation,SNP,p.Pro177Arg,Exon 5,G>C,c.530C>G,1,0,0,0,1,0,0,0,0
6090,203836210111_R03C01,SUB12648,mut,Breast,Breast,480,7578400,7578400,G,C,Missense_Mutation,SNP,p.Pro177Arg,Exon 5,G>C,c.530C>G,1,0,0,0,1,0,0,0,0
6111,203836210104_R03C01,SUB12648,mut,Unaffected,Unaffected,NA,7578400,7578400,G,C,Missense_Mutation,SNP,p.Pro177Arg,Exon 5,G>C,c.530C>G,1,0,0,0,1,0,0,0,0
6118,203836210104_R08C01,SUB12648,mut,Unaffected,Unaffected,NA,7578400,7578400,G,C,Missense_Mutation,SNP,p.Pro177Arg,Exon 5,G>C,c.530C>G,1,0,0,0,1,0,0,0,0
6135,203836210104_R04C01,SUB12648,mut,OS,OS,204,7578400,7578400,G,C,Missense_Mutation,SNP,p.Pro177Arg,Exon 5,G>C,c.530C>G,1,0,0,0,1,0,0,0,0
6290,204424040036_R03C01,SUB14751,mut,Sarcoma,US,216,7578280,7578280,G,A,Missense_Mutation,SNP,p.Pro190Leu,Exon 6,G>A,c.569C>T,1,0,0,0,1,0,0,0,0
6260,204425700048_R07C01,SUB14749,mut,LMS,LMS,396,7578194,7578194,G,A,Missense_Mutation,SNP,p.Pro219Ser,Exon 6,G>A,c.655C>T,1,0,0,0,1,0,0,0,0
6261,204425700029_R07C01,SUB14749,mut,Unaffected,Unaffected,NA,7578194,7578194,G,A,Missense_Mutation,SNP,p.Pro219Ser,Exon 6,G>A,c.655C>T,1,0,0,0,1,0,0,0,0
6267,204424040056_R01C01,SUB14751,mut,Unaffected,Unaffected,NA,7578194,7578194,G,A,Missense_Mutation,SNP,p.Pro219Ser,Exon 6,G>A,c.655C>T,1,0,0,0,1,0,0,0,0
6296,204425700123_R03C01,SUB14751,mut,Unaffected,Unaffected,NA,7578194,7578194,G,A,Missense_Mutation,SNP,p.Pro219Ser,Exon 6,G>A,c.655C>T,1,0,0,0,1,0,0,0,0
6331,204425700121_R05C01,SUB14750,mut,Unaffected,Unaffected,NA,7578194,7578194,G,A,Missense_Mutation,SNP,p.Pro219Ser,Exon 6,G>A,c.655C>T,1,0,0,0,1,0,0,0,0
6359,204425700037_R07C01,SUB14750,mut,Unaffected,Unaffected,NA,7578194,7578194,G,A,Missense_Mutation,SNP,p.Pro219Ser,Exon 6,G>A,c.655C>T,1,0,0,0,1,0,0,0,0
4758,204425700035_R05C01,SUB14751,mut,Unaffected,Unaffected,NA,7578184,7578184,G,A,Missense_Mutation,SNP,p.Pro222Leu,Exon 6,G>A,c.665C>T,1,0,0,0,1,0,0,0,0
4759,204425700137_R05C01,SUB14751,mut,Glioma,Glioma,408,7578184,7578184,G,A,Missense_Mutation,SNP,p.Pro222Leu,Exon 6,G>A,c.665C>T,1,0,0,0,1,0,0,0,0
3867,204424040061_R01C01,SUB14750,mut,OS,OS,108,NA,NA,NA,NA,Missense_Mutation,SNP,p.Pro278Ala,Exon 8 ,G>C,c.832C>G,0,0,0,0,1,0,0,0,0
3643,5760666033_R05C02,TORONTO,mut,Breast,Breast,480,7577106,7577106,G,A,Missense_Mutation,SNP,p.Pro278Ser,Exon 8,G>A,c.832C>T,1,0,0,0,1,0,0,0,0
6276,204425700092_R02C01,SUB14751,mut,Breast,Breast,240,NA,NA,-,TCT,Frame_Shift_Del_Ins,DEL_INS,p.Pro64fs,Exon 4,NA,c.189delinsAGA,0,1,0,0,0,0,0,1,0
6277,204424040080_R02C01,SUB14751,mut,OS,OS,144,NA,NA,-,TCT,Frame_Shift_Del_Ins,DEL_INS,p.Pro64fs,Exon 4,NA,c.189delinsAGA,0,1,0,0,0,0,0,1,0
6278,204424040036_R02C01,SUB14751,mut,Spindle cell sarcoma,Spindle cell sarcoma,168,NA,NA,-,TCT,Frame_Shift_Del_Ins,DEL_INS,p.Pro64fs,Exon 4,NA,c.189delinsAGA,0,1,0,0,0,0,0,1,0
1357,5760666048_R03C01,TORONTO,mut,Unaffected,Unaffected,NA,7579472,7579473,-,G,Frame_Shift_Ins,INS,p.Pro72fs,Exon 4,NA,c.214_215insG,0,1,0,0,0,0,0,1,0
6305,204425700100_R02C01,SUB14749,mut,Breast,Breast,336,7577090,7577100,-,TG,Frame_Shift_Del_Ins,DEL_INS,p.R280_R283delinsH,Exon 8,NA,c.838_848delinsCA,1,0,0,0,0,0,0,1,0
4570,204425700067_R05C01,SUB14751,mut,Unaffected,Unaffected,NA,7577563,7577563,T,C,Missense_Mutation,SNP,p.Ser240Gly,Exon 7,T>C,c.718A>G,1,0,0,0,1,0,0,0,0
4535,204425700039_R04C01,SUB14751,mut,ACC,Adrenal,18,7577563,7577563,T,C,Missense_Mutation,SNP,p.Ser240Gly,Exon 7,T>C,c.718A>G,1,0,0,0,1,0,0,0,0
2784,5760666011_R05C02,TORONTO,mut,CPC,CPC,54,7577559,7577559,G,T,Missense_Mutation,SNP,p.Ser241Tyr,Exon 7,G>T,c.722C>A,1,0,0,0,1,0,0,0,0
2785,5760666011_R04C01,TORONTO,mut,CPC,CPC,11,7577559,7577559,G,T,Missense_Mutation,SNP,p.Ser241Tyr,Exon 7,G>T,c.722C>A,1,0,0,0,1,0,0,0,0
5121,204425700039_R06C01,SUB14751,mut,PNET,PNET,72,7577502,7577503,-,-,Frame_Shift_Del,DEL,p.Ser260fs,Exon 7,NA, c.778_779del,1,0,0,0,0,0,0,1,0
5122,204425700067_R07C01,SUB14751,mut,Breast,Breast,420,7577502,7577503,-,-,Frame_Shift_Del,DEL,p.Ser260fs,Exon 7,NA, c.778_779del,1,0,0,0,0,0,0,1,0
6362,204425700054_R08C01,SUB14750,mut,Unaffected,Unaffected,NA,-,-,NA,NA,Frame_Shift_Ins,SNP,p.Thr123fs,Exon 4,NA,c.331_365dup,0,1,0,0,0,0,0,1,0
6126,204425700102_R01C01,SUB14749,mut,Renal,Renal,408,7579313,7579313,G,A,Missense_Mutation,SNP,p.Thr125Met,Exon 4,G>A,c.374C>T,0,1,0,0,1,0,0,0,0
6140,204425700118_R03C01,SUB14750,mut,Glioma,Glioma,168,7579313,7579313,G,A,Missense_Mutation,SNP,p.Thr125Met,Exon 4,G>A,c.374C>T,0,1,0,0,1,0,0,0,0
6285,204425700039_R02C01,SUB14751,mut,Breast,Breast,648,7579313,7579313,G,A,Missense_Mutation,SNP,p.Thr125Met,Exon 4,G>A,c.374C>T,0,1,0,0,1,0,0,0,0
6323,204425700135_R04C01,SUB14750,mut,Unaffected,Unaffected,NA,7579313,7579313,G,A,Missense_Mutation,SNP,p.Thr125Met,Exon 4,G>A,c.374C>T,0,1,0,0,1,0,0,0,0
3823,204425700118_R01C01,SUB14750,mut,OS,OS,192,NA,NA,NA,NA,Missense_Mutation,SNP,p.Thr125Pro,Exon 4,T>G,c.373A>C,0,1,0,0,1,0,0,0,0
3831,204425700121_R01C01,SUB14750,mut,OS,OS,336,7579314,7579314,T,G,Missense_Mutation,SNP,p.Thr125Pro,Exon 4,T>G,c.373A>C,0,1,0,0,1,0,0,0,0
1927,5760666008_R04C02,TORONTO,mut,Glioma,Glioma,516,7579312,7579312,C,T,Splice_Site,SNP,p.Thr125Thr,Intron 4,C>T,c.375G>A,0,0,0,0,0,0,1,0,0
3365,5771955049_R03C02,TORONTO,mut,ACC,Adrenal,12,7579312,7579312,C,T,Splice_Site,SNP,p.Thr125Thr,Intron 4,C>T,c.375G>A,0,0,0,0,0,0,1,0,0
3495,5760666008_R03C01,TORONTO,mut,Unaffected,Unaffected,NA,7579312,7579312,C,T,Splice_Site,SNP,p.Thr125Thr,Intron 4,C>T,c.375G>A,0,0,0,0,0,0,1,0,0
3495,204425700116_R08C01,SUB14749,mut,Unaffected,Unaffected,NA,7579312,7579312,C,T,Splice_Site,SNP,p.Thr125Thr,Intron 4,C>T,c.375G>A,0,0,0,0,0,0,1,0,0
350,204425700085_R07C01,SUB14749,mut,RMS,RMS,67,7579312,7579312,C,T,Splice_Site,SNP,p.Thr125Thr,Intron 4,C>T,c.375G>A,0,0,0,0,0,0,1,0,0
350,9721365183_R04C01,MONTREAL,mut,RMS,RMS,67,7579312,7579312,C,T,Splice_Site,SNP,p.Thr125Thr,Intron 4,C>T,c.375G>A,0,0,0,0,0,0,1,0,0
3742,5760666008_R05C01,TORONTO,mut,Unaffected,Unaffected,NA,7579312,7579312,C,T,Splice_Site,SNP,p.Thr125Thr,Intron 4,C>T,c.375G>A,0,0,0,0,0,0,1,0,0
3742,204425700025_R01C01,SUB14750,mut,Unaffected,Unaffected,NA,7579312,7579312,C,T,Splice_Site,SNP,p.Thr125Thr,Intron 4,C>T,c.375G>A,0,0,0,0,0,0,1,0,0
3763,5760666035_R04C02,TORONTO,mut,RMS,RMS,45,7579312,7579312,C,T,Splice_Site,SNP,p.Thr125Thr,Intron 4,C>T,c.375G>A,0,0,0,0,0,0,1,0,0
3804,204425700054_R01C01,SUB14750,mut,RMS,RMS,45,7579312,7579312,C,T,Splice_Site,SNP,p.Thr125Thr,Intron 4,C>T,c.375G>A,0,0,0,0,0,0,1,0,0
3805,5760666035_R02C02,TORONTO,mut,ACC,Adrenal,36,7579312,7579312,C,T,Splice_Site,SNP,p.Thr125Thr,Intron 4,C>T,c.375G>A,0,0,0,0,0,0,1,0,0
3806,5760666035_R03C01,TORONTO,mut,Unaffected,Unaffected,NA,7579312,7579312,C,T,Splice_Site,SNP,p.Thr125Thr,Intron 4,C>T,c.375G>A,0,0,0,0,0,0,1,0,0
4837,204424040040_R05C01,SUB14751,mut,Unaffected,Unaffected,NA,7579312,7579312,C,T,Splice_Site,SNP,p.Thr125Thr,Intron 4,C>T,c.375G>A,0,0,0,0,0,0,1,0,0
4838,204425700123_R05C01,SUB14751,mut,Unaffected,Unaffected,NA,7579312,7579312,C,T,Splice_Site,SNP,p.Thr125Thr,Intron 4,C>T,c.375G>A,0,0,0,0,0,0,1,0,0
5013,204424040056_R06C01,SUB14751,mut,Unaffected,Unaffected,NA,7579312,7579312,C,T,Splice_Site,SNP,p.Thr125Thr,Intron 4,C>T,c.375G>A,0,0,0,0,0,0,1,0,0
5014,204425700035_R06C01,SUB14751,mut,Unaffected,Unaffected,NA,7579312,7579312,C,T,Splice_Site,SNP,p.Thr125Thr,Intron 4,C>T,c.375G>A,0,0,0,0,0,0,1,0,0
5015,204425700137_R06C01,SUB14751,mut,Breast,Breast,409,7579312,7579312,C,T,Splice_Site,SNP,p.Thr125Thr,Intron 4,C>T,c.375G>A,0,0,0,0,0,0,1,0,0
6208,204425700140_R02C01,SUB14749,mut,MFH,MFH,288,7579312,7579312,C,T,Splice_Site,SNP,p.Thr125Thr,Intron 4,C>T,c.375G>A,0,0,0,0,0,0,1,0,0
6217,204425700143_R03C01,SUB14749,mut,Skin,Skin,492,7579312,7579312,C,T,Splice_Site,SNP,p.Thr125Thr,Intron 4,C>T,c.375G>A,0,0,0,0,0,0,1,0,0
6218,204425700127_R03C01,SUB14749,mut,Skin,Skin,408,7579312,7579312,C,T,Splice_Site,SNP,p.Thr125Thr,Intron 4,C>T,c.375G>A,0,0,0,0,0,0,1,0,0
4329,204424040063_R02C01,SUB14750,mut,RMS,RMS,22,7579861,7579861,A,-,Frame_Shift_Del,DEL,p.Thr18Hisfs*26,Exon 2,NA,c.52delA,0,1,0,0,0,0,0,1,0
4329,9721365183_R03C02,MONTREAL,mut,RMS,RMS,22,7579861,7579861,A,-,Frame_Shift_Del,DEL,p.Thr18Hisfs*26,Exon 2,NA,c.52delA,0,1,0,0,0,0,0,1,0
4330,9721365183_R04C02,MONTREAL,mut,Unaffected,Unaffected,NA,7579861,7579861,A,-,Frame_Shift_Del,DEL,p.Thr18Hisfs*26,Exon 2,NA,c.52delA,0,1,0,0,0,0,0,1,0
4330,204425700046_R02C01,SUB14750,mut,Unaffected,Unaffected,NA,7579861,7579861,A,-,Frame_Shift_Del,DEL,p.Thr18Hisfs*26,Exon 2,NA,c.52delA,0,1,0,0,0,0,0,1,0
4331,9721365183_R05C02,MONTREAL,mut,Unaffected,Unaffected,NA,7579861,7579861,A,-,Frame_Shift_Del,DEL,p.Thr18Hisfs*26,Exon 2,NA,c.52delA,0,1,0,0,0,0,0,1,0
4331,204425700035_R04C01,SUB14751,mut,Unaffected,Unaffected,NA,7579861,7579861,A,-,Frame_Shift_Del,DEL,p.Thr18Hisfs*26,Exon 2,NA,c.52delA,0,1,0,0,0,0,0,1,0
4332,9721365183_R06C02,MONTREAL,mut,Choriocarcinoma,Choriocarcinoma,252,7579861,7579861,A,-,Frame_Shift_Del,DEL,p.Thr18Hisfs*26,Exon 2,NA,c.52delA,0,1,0,0,0,0,0,1,0
4530,204424040040_R04C01,SUB14751,mut,RMS,RMS,35,7577086,7577087,CA,-,Frame_Shift_Del,DEL,p.Thr284fs,Exon 8,NA,c.851_852delCA,1,0,0,0,0,0,0,1,0
6313,204425700038_R02C01,SUB14749,mut,Breast,Breast,324,7578494,7578494,A,C,Missense_Mutation,SNP,p.Trp146Gly,Exon 5,A>C,c.436T>G,1,0,0,0,1,0,0,0,0
6335,204424040063_R05C01,SUB14750,mut,Unaffected,Unaffected,NA,7578494,7578494,A,C,Missense_Mutation,SNP,p.Trp146Gly,Exon 5,A>C,c.436T>G,1,0,0,0,1,0,0,0,0
6361,204425700071_R08C01,SUB14750,mut,ACC,Adrenal,12,7578494,7578494,A,C,Missense_Mutation,SNP,p.Trp146Gly,Exon 5,A>C,c.436T>G,1,0,0,0,1,0,0,0,0
2921,204425700139_R08C01,SUB14749,mut,RMS,RMS,24,7578492,7578492,C,T,Missense_Mutation,SNP,p.Trp146Ter,Exon 5,C>T,c.438G>A,1,0,0,0,1,0,0,0,0
3136A,5760666038_R06C01,TORONTO,mut,RMS,RMS,24,7578492,7578492,C,T,Missense_Mutation,SNP,p.Trp146Ter,Exon 5,C>T,c.438G>A,1,0,0,0,1,0,0,0,0
4532,204425700123_R04C01,SUB14751,mut,OS,OS,115,7578492,7578492,C,T,Nonsense_Mutation,SNP,p.Trp146X,Exon 5,C>T,c.438G>A,1,0,0,0,0,1,0,0,0
6271,204424040040_R01C01,SUB14751,mut,Breast,Breast,432,7579528,7579528,C,T,Nonsense_Mutation,SNP,p.Trp53X,Exon 3,C>T,c.159G>A,0,1,0,0,0,1,0,0,0
4783,204424040057_R05C01,SUB14751,mut,Breast,Breast,384,7579366,7579366,G,T,Nonsense_Mutation,SNP,p.Tyr107X,Exon 4,G>T,c.321C>A,0,1,0,0,0,1,0,0,0
6109,203836210068_R04C01,SUB12648,mut,Unaffected,Unaffected,NA,7578442,7578442,T,C,Missense_Mutation,SNP,p.Tyr163Cys,Exon 5,T>C,c.488A>G,1,0,0,0,1,0,0,0,0
6109,204425700085_R01C01,SUB14749,mut,Unaffected,Unaffected,NA,7578442,7578442,T,C,Missense_Mutation,SNP,p.Tyr163Cys,Exon 5,T>C,c.488A>G,1,0,0,0,1,0,0,0,0
6293,204425700137_R03C01,SUB14751,mut,Unaffected,Unaffected,NA,7578442,7578442,T,C,Missense_Mutation,SNP,p.Tyr163Cys,Exon 5,T>C,c.488A>G,1,0,0,0,1,0,0,0,0
634,204425700139_R07C01,,mut,ACC,Adrenal,32,NA,NA,T,C,Missense_Mutation,SNP,p.Tyr163Cys,Exon 5,T>C,c.488A>G,1,0,0,0,1,0,0,0,0
6249,204425700029_R06C01,SUB14749,mut,Colon,Colon,372,7578443,7578443,A,G,Missense_Mutation,SNP,p.Tyr163His,Exon 5,A>G,c.487T>C,1,0,0,0,1,0,0,0,0
6255,204425700038_R06C01,SUB14749,mut,ACC,Adrenal,24,7578443,7578443,A,G,Missense_Mutation,SNP,p.Tyr163His,Exon 5,A>G,c.487T>C,1,0,0,0,1,0,0,0,0
4036,5771955053_R04C01,TORONTO,mut,ACC,Adrenal,NA,NA,NA,G,A,Missense_Mutation,SNP,p.Tyr220Cys,Exon 5,G>A,c.659A>G,1,0,0,0,1,0,0,0,0
6065,204424040057_R07C01,SUB14751,mut,CPC,CPC,12,7577581,7577581,G,T,Nonsense_Mutation,SNP,p.Tyr234X,Exon 7,G>T,c.700C>A,1,0,0,0,0,1,0,0,0
6065,203839170017_R08C01,SUB12648,mut,CPC,CPC,12,7577581,7577581,G,T,Nonsense_Mutation,SNP,p.Tyr234X,Exon 7,G>T,c.700C>A,1,0,0,0,0,1,0,0,0
6066,203839170017_R02C01,SUB12648,mut,Unaffected,Unaffected,NA,7577581,7577581,G,T,Nonsense_Mutation,SNP,p.Tyr234X,Exon 7,G>T,c.700C>A,1,0,0,0,0,1,0,0,0
93,5760666022_R01C01,TORONTO,mut,RMS,RMS,36,7577573,7577573,G,T,Nonsense_Mutation,SNP,p.Tyr236X,Exon 7,G>T,c.708C>A,1,0,0,0,0,1,0,0,0
93,5760666030_R05C01,TORONTO,mut,RMS,RMS,36,7577573,7577573,G,T,Nonsense_Mutation,SNP,p.Tyr236X,Exon 7,G>T,c.708C>A,1,0,0,0,0,1,0,0,0
94,5760666022_R02C02,TORONTO,mut,Breast,Breast,348,7577573,7577573,G,T,Nonsense_Mutation,SNP,p.Tyr236X,Exon 7,G>T,c.708C>A,1,0,0,0,0,1,0,0,0
94,5760666030_R06C02,TORONTO,mut,Breast,Breast,348,7577573,7577573,G,T,Nonsense_Mutation,SNP,p.Tyr236X,Exon 7,G>T,c.708C>A,1,0,0,0,0,1,0,0,0
6333,204424040061_R05C01,SUB14750,mut,Breast,Breast,468,NA,NA,NA,NA,Frame_Shift_Del,DEL,p.Val122fs,Exon 4,NA,c.365_366del,0,1,0,0,0,0,0,1,0
590,5760295057_R04C01,TORONTO,mut,Glioma,Glioma,492,7578461,7578461,C,T,Missense_Mutation,SNP,p.Val157Ile,Exon 5,C>T,c.469G>A,1,0,0,0,1,0,0,0,0
3872,5760666057_R01C01,TORONTO,mut,Cervix,Cervix,348,7577124,7577124,C,T,Missense_Mutation,SNP,p.Val272Met,Exon 8,C>T,c.814G>A,1,0,0,0,1,0,0,0,0
6219,204425700038_R03C01,SUB14749,mut,RMS,RMS,36,7577117,7577117,A,G,Missense_Mutation,SNP,p.Val274Ala,Exon 8,A>G,c.821T>C,1,0,0,0,1,0,0,0,0
6315,204425700037_R03C01,SUB14750,mut,Skin,Skin,276,7579476,7579476,-,G,Frame_Shift_Ins,INS,p.Val73fs,Exon 4,NA,c.216dup,0,1,0,0,0,0,0,1,0
3092,204425700089_R08C01,SUB14749,mut,CPC,CPC,75,7577539,7577539,G,T,Missense_Mutation,SNP,p.Arg248Trp,Exon 7,G>A,c.742C>T,1,0,0,0,1,0,0,0,0