ids,SentrixID,Project,family_name,relationship,tm_donor,p53_germline,cancer_diagnosis_diagnoses,cancer_diagnosis,age_diagnosis,age_sample_collection,gdna,protein,codon72,mdm2,dob,gender,yob,age,gdna.exon.intron,gdna.exon.intron.fac,gdna.base.change,gdna.base.change.fac,gdna.codon,protein.codon.change,protein.codon.change.fac,protein.codon.num,splice.delins.snv,codon72.npro,mdm2.nG,ids.y,methyl_indicator,Batch,TORONTO,NJCO2016,TFEB2017,MONTREAL,GUH1463,GUH20891,SUB12648
303,5771955051_R02C01,TORONTO,NA,Proband,305,WT,ERMS,ERMS,24,24,NA,NA,arg/pro,NA,Dec-90,F,1990,26,NA,NA,NA,NA,NA,NA,NA,NA,NA,1,NA,303,TRUE,TORONTO,1,0,0,0,0,0,0
336,5760666038_R06C02,TORONTO,NA,NA,NA,WT,ERMS,ERMS,24,35,NA,NA,NA,NA,,,NA,NA,NA,NA,NA,NA,NA,NA,NA,NA,NA,NA,NA,336,TRUE,,NA,NA,NA,NA,NA,NA,NA
347,5760666053_R06C02,TORONTO,NA,NA,NA,WT,ERMS,ERMS,38,46,NA,NA,NA,NA,,,NA,NA,NA,NA,NA,NA,NA,NA,NA,NA,NA,NA,NA,347,TRUE,,NA,NA,NA,NA,NA,NA,NA
434,5771955049_R06C02,TORONTO,NA,Proband,433,WT,ERMS/ARMS,ERMS/ARMS,20,20,NA,NA,arg/arg,NA,Oct-91,F,1991,25,NA,NA,NA,NA,NA,NA,NA,NA,NA,0,NA,434,TRUE,TORONTO,1,0,0,0,0,0,0
435,5760666048_R02C01,TORONTO,NA,NA,NA,WT,ARMS,ARMS,40,42,NA,NA,NA,NA,,,NA,NA,NA,NA,NA,NA,NA,NA,NA,NA,NA,NA,NA,435,TRUE,,NA,NA,NA,NA,NA,NA,NA
436,5760295057_R01C01,TORONTO,NA,NA,NA,WT,ERMS,ERMS,24,104,NA,NA,NA,NA,,,NA,NA,NA,NA,NA,NA,NA,NA,NA,NA,NA,NA,NA,436,TRUE,,NA,NA,NA,NA,NA,NA,NA
643,5760666008_R05C02,TORONTO,family_3,Father of proband,653,WT,Unaffected,Unaffected,NA,366,NA,NA,NA,NA,Dec-64,M,1964,52,NA,NA,NA,NA,NA,NA,NA,NA,NA,NA,NA,643,TRUE,TORONTO,1,0,0,0,0,0,0
643,5760666022_R06C01,TORONTO,family_3,Father of proband,653,WT,Unaffected,Unaffected,NA,366,NA,NA,NA,NA,Dec-64,M,1964,52,NA,NA,NA,NA,NA,NA,NA,NA,NA,NA,NA,643,TRUE,TORONTO,1,0,0,0,0,0,0
646,5771955049_R03C01,TORONTO,NA,Proband,661,WT,ACC,ACC,26,27,NA,NA,arg/pro,T/T,Apr-93,F,1993,23,NA,NA,NA,NA,NA,NA,NA,NA,NA,1,0,646,TRUE,TORONTO,1,0,0,0,0,0,0
733,5760666022_R01C02,TORONTO,NA,Proband,760,WT,RMS,RMS,18,NA,NA,NA,arg/arg,NA,NA,M,NA,NA,NA,NA,NA,NA,NA,NA,NA,NA,NA,0,NA,733,TRUE,TORONTO,1,0,0,0,0,0,0
738,5760666057_R01C02,TORONTO,NA,Proband,771,WT,ERMS,ERMS,36,NA,NA,NA,arg/arg,NA,NA,M,NA,NA,NA,NA,NA,NA,NA,NA,NA,NA,NA,0,NA,738,TRUE,TFEB2017,0,0,1,0,0,0,0
799,5760666008_R03C02,TORONTO,family_80,Mother of proband,867,WT,Unaffected,Unaffected,NA,396,NA,NA,arg/pro,NA,05-May,F,1905,111,NA,NA,NA,NA,NA,NA,NA,NA,NA,1,NA,799,TRUE,TORONTO,1,0,0,0,0,0,0
1086,5760295056_R04C01,TORONTO,NA,NA,NA,WT,GBM,GBM,NA,NA,NA,NA,NA,NA,Nov-98,F,1998,NA,NA,NA,NA,NA,NA,NA,NA,NA,NA,NA,NA,1086,TRUE,,NA,NA,NA,NA,NA,NA,NA
1091,5760666027_R04C02,TORONTO,family_35,Father of proband,1173,WT,Unaffected,Unaffected,NA,NA,NA,NA,arg/pro,NA,NA,M,NA,NA,NA,NA,NA,NA,NA,NA,NA,NA,NA,1,NA,1091,TRUE,TORONTO,1,0,0,0,0,0,0
1093,5760666027_R03C01,TORONTO,family_35,Sister of proband,1175,WT,Unaffected,Unaffected,NA,NA,NA,NA,NA,NA,NA,F,NA,NA,NA,NA,NA,NA,NA,NA,NA,NA,NA,NA,NA,1093,TRUE,TORONTO,1,0,0,0,0,0,0
1189,5760666007_R03C01,TORONTO,family_37,MGrandmother of proband,1263,WT,Unaffected,Unaffected,NA,765,NA,NA,NA,NA,Jul-35,F,1935,81,NA,NA,NA,NA,NA,NA,NA,NA,NA,NA,NA,1189,TRUE,TORONTO,1,0,0,0,0,0,0
1190,5760666007_R04C02,TORONTO,family_37,MAunt of proband,1264,WT,Unaffected,Unaffected,NA,400,NA,NA,arg/pro,NA,Dec-65,F,1965,51,NA,NA,NA,NA,NA,NA,NA,NA,NA,1,NA,1190,TRUE,TORONTO,1,0,0,0,0,0,0
1308,5760666027_R05C01,TORONTO,family_35,MAunt of proband,1434,WT,Unaffected,Unaffected,NA,NA,NA,NA,NA,NA,NA,F,NA,NA,NA,NA,NA,NA,NA,NA,NA,NA,NA,NA,NA,1308,TRUE,TORONTO,1,0,0,0,0,0,0
1309,5760666027_R06C02,TORONTO,family_35,MGrandmother of proband,1435,WT,Unaffected,Unaffected,NA,NA,NA,NA,NA,NA,NA,F,NA,NA,NA,NA,NA,NA,NA,NA,NA,NA,NA,NA,NA,1309,TRUE,TORONTO,1,0,0,0,0,0,0
1398,5760666038_R04C02,TORONTO,NA,Proband,1587,WT,ERMS,ERMS,41,48,NA,NA,arg/arg,NA,May-96,M,1996,20,NA,NA,NA,NA,NA,NA,NA,NA,NA,0,NA,1398,TRUE,TORONTO,1,0,0,0,0,0,0
1480,5760295057_R04C02,TORONTO,NA,NA,NA,WT,Oligoastrocytoma,Glioma,420,456,NA,NA,NA,NA,Jul-62,M,1962,NA,NA,NA,NA,NA,NA,NA,NA,NA,NA,NA,NA,1480,TRUE,,NA,NA,NA,NA,NA,NA,NA
1618,5760666007_R05C01,TORONTO,family_37,Niece of proband/Daughter of 37-02,1801,WT,Unaffected,Unaffected,NA,33,NA,NA,arg/arg,NA,Apr-98,F,1998,18,NA,NA,NA,NA,NA,NA,NA,NA,NA,0,NA,1618,TRUE,TORONTO,1,0,0,0,0,0,0
1682,5760666008_R04C01,TORONTO,NA,NA,NA,WT,GBM,GBM,480,516,NA,NA,NA,NA,Mar-58,F,1958,NA,NA,NA,NA,NA,NA,NA,NA,NA,NA,NA,NA,1682,TRUE,,NA,NA,NA,NA,NA,NA,NA
1835,5771955054_R05C02,TORONTO,NA,NA,NA,WT,IDC,Breast ca,444,452,NA,NA,NA,NA,May-63,F,1963,NA,NA,NA,NA,NA,NA,NA,NA,NA,NA,NA,NA,1835,TRUE,,NA,NA,NA,NA,NA,NA,NA
1941,5771955049_R04C02,TORONTO,NA,Proband,2206,WT,Spindle cell sarcoma,Spindle cell sarcoma,305,312,NA,NA,pro/pro,T/G,May-76,M,1976,40,NA,NA,NA,NA,NA,NA,NA,NA,NA,2,1,1941,TRUE,TORONTO,1,0,0,0,0,0,0
1981,5760666038_R03C01,TORONTO,family_44,Spouse of proband,2245,NA,Unaffected,Unaffected,NA,431,NA,NA,arg/pro,T/G,Sep-66,M,1966,50,NA,NA,NA,NA,NA,NA,NA,NA,NA,1,1,1981,TRUE,TORONTO,1,0,0,0,0,0,0
2089,5760295040_R01C01,TORONTO,NA,NA,NA,WT,Astrocytoma,Glioma,NA,408,NA,NA,NA,NA,,,NA,NA,NA,NA,NA,NA,NA,NA,NA,NA,NA,NA,NA,2089,TRUE,,NA,NA,NA,NA,NA,NA,NA
2102,5760295056_R05C02,TORONTO,NA,NA,NA,WT,IDC,Breast ca,384,624,NA,NA,NA,NA,,,NA,NA,NA,NA,NA,NA,NA,NA,NA,NA,NA,NA,NA,2102,TRUE,,NA,NA,NA,NA,NA,NA,NA
2125,5771955054_R03C02,TORONTO,NA,NA,NA,WT,IDC,Breast ca,420,480,NA,NA,NA,NA,,,NA,NA,NA,NA,NA,NA,NA,NA,NA,NA,NA,NA,NA,2125,TRUE,,NA,NA,NA,NA,NA,NA,NA
2175,5760666035_R05C02,TORONTO,NA,Proband,2538,WT,ERMS,ERMS,57,68,NA,NA,NA,NA,Oct-98,M,1998,18,NA,NA,NA,NA,NA,NA,NA,NA,NA,NA,NA,2175,TRUE,TORONTO,1,0,0,0,0,0,0
2209,5760666057_R05C02,TORONTO,NA,Proband,2589,WT,ERMS,ERMS,31,141,NA,NA,arg/pro,NA,Feb-93,M,1993,23,NA,NA,NA,NA,NA,NA,NA,NA,NA,1,NA,2209,TRUE,TORONTO,1,0,0,0,0,0,0
2343,5760666022_R04C01,TORONTO,NA,Proband,2829,WT,Malignant phylloides tumor,Breast ca,425,442,NA,NA,NA,NA,Aug-69,F,1969,47,NA,NA,NA,NA,NA,NA,NA,NA,NA,NA,NA,2343,TRUE,TORONTO,1,0,0,0,0,0,0
2346,5760666003_R01C02,TORONTO,NA,Proband,2778,WT,CPC,CPC,5,33,NA,NA,arg/pro,T/T,03-Aug,M,2003,13,NA,NA,NA,NA,NA,NA,NA,NA,NA,1,0,2346,TRUE,TORONTO,1,0,0,0,0,0,0
2392,5760666038_R02C02,TORONTO,family_44,Nephew of proband/Son of 44-04,2915,WT,Unaffected,Unaffected,NA,77,NA,NA,arg/pro,NA,May-00,M,2000,16,NA,NA,NA,NA,NA,NA,NA,NA,NA,1,NA,2392,TRUE,TORONTO,1,0,0,0,0,0,0
2405,5760666048_R04C01,TORONTO,NA,Proband,2859,WT,ERMS,ERMS,18,22,NA,NA,arg/pro,NA,05-Feb,F,2005,11,NA,NA,NA,NA,NA,NA,NA,NA,NA,1,NA,2405,TRUE,TORONTO,1,0,0,0,0,0,0
2415,5760666053_R04C02,TORONTO,family_2,Mother of proband,2943,WT,Unaffected,Unaffected,NA,531,NA,NA,NA,NA,Dec-61,F,1961,55,NA,NA,NA,NA,NA,NA,NA,NA,NA,NA,NA,2415,TRUE,TORONTO,1,0,0,0,0,0,0
2426,5760295056_R03C02,TORONTO,family_71,Niece of proband/Daughter of 71-01,2606,WT,Unaffected,Unaffected,NA,4,NA,NA,arg/pro,NA,06-Sep,F,2006,10,NA,NA,NA,NA,NA,NA,NA,NA,NA,1,NA,2426,TRUE,TORONTO,1,0,0,0,0,0,0
2452,5760666035_R06C01,TORONTO,NA,NA,NA,WT,Myofibromat,Myofibromat,0.5,30,NA,NA,NA,NA,,,NA,NA,NA,NA,NA,NA,NA,NA,NA,NA,NA,NA,NA,2452,TRUE,,NA,NA,NA,NA,NA,NA,NA
2454,5760666007_R01C01,TORONTO,NA,Proband,2955,WT,Anaplastic Astrocytoma,Glioma,191,204,NA,NA,arg/pro,T/G,Jan-90,M,1990,26,NA,NA,NA,NA,NA,NA,NA,NA,NA,1,1,2454,TRUE,TORONTO,1,0,0,0,0,0,0
2456,5760295057_R05C01,TORONTO,NA,NA,NA,WT,Astrocytoma,Glioma,167,168,NA,NA,NA,NA,,,NA,NA,NA,NA,NA,NA,NA,NA,NA,NA,NA,NA,NA,2456,TRUE,,NA,NA,NA,NA,NA,NA,NA
2486,5760295056_R06C01,TORONTO,family_39,Sister of proband,2957,WT,Unaffected,Unaffected,NA,100,NA,NA,NA,NA,Sep-98,F,1998,18,NA,NA,NA,NA,NA,NA,NA,NA,NA,NA,NA,2486,TRUE,TORONTO,1,0,0,0,0,0,0
2564,5760666053_R03C01,TORONTO,family_2,Brother of proband,3077,WT,Unaffected,Unaffected,NA,81,NA,NA,arg/arg,NA,Dec-00,M,2000,16,NA,NA,NA,NA,NA,NA,NA,NA,NA,0,NA,2564,TRUE,TORONTO,1,0,0,0,0,0,0
2724,5771955054_R04C01,TORONTO,NA,NA,NA,WT,DCIS,Breast ca,420,429,NA,NA,NA,NA,,,NA,NA,NA,NA,NA,NA,NA,NA,NA,NA,NA,NA,NA,2724,TRUE,,NA,NA,NA,NA,NA,NA,NA
2736,5760295040_R03C01,TORONTO,NA,NA,NA,NA,CPC,CPC,2,149,NA,NA,NA,NA,NA,NA,NA,NA,NA,NA,NA,NA,NA,NA,NA,NA,NA,NA,NA,NA,NA,NA,NA,NA,NA,NA,NA,NA,NA
2738,5760666008_R01C02,TORONTO,NA,NA,NA,WT,MB,MB,108,108,NA,NA,NA,NA,,,NA,NA,NA,NA,NA,NA,NA,NA,NA,NA,NA,NA,NA,2738,TRUE,,NA,NA,NA,NA,NA,NA,NA
2761,5760666057_R03C02,TORONTO,NA,Proband,3734,WT,ACC,ACC,60,NA,NA,NA,arg/arg,T/G,NA,M,NA,NA,NA,NA,NA,NA,NA,NA,NA,NA,NA,0,1,2761,TRUE,TORONTO,1,0,0,0,0,0,0
2762,5771955049_R05C01,TORONTO,NA,Proband,3735,WT,ACC,ACC,12,NA,NA,NA,NA,T/G,NA,F,NA,NA,NA,NA,NA,NA,NA,NA,NA,NA,NA,NA,1,2762,TRUE,TORONTO,1,0,0,0,0,0,0
2764,5771955054_R02C01,TORONTO,NA,Proband,3737,WT,ACC,ACC,12,NA,NA,NA,arg/pro,T/T,NA,F,NA,NA,NA,NA,NA,NA,NA,NA,NA,NA,NA,1,0,2764,TRUE,TORONTO,1,0,0,0,0,0,0
2766,5760666008_R02C01,TORONTO,NA,Proband,783,WT,ERMS,ERMS,24,170,NA,NA,arg/pro,NA,Sep-93,M,1993,23,NA,NA,NA,NA,NA,NA,NA,NA,NA,1,NA,2766,TRUE,TORONTO,1,0,0,0,0,0,0
2786,5760666011_R06C02,TORONTO,family_57,Mother of proband,3276,WT,Unaffected,Unaffected,NA,357,NA,NA,arg/pro,NA,Feb-78,F,1978,38,NA,NA,NA,NA,NA,NA,NA,NA,NA,1,NA,2786,TRUE,TORONTO,1,0,0,0,0,0,0
2812,5760295056_R01C02,TORONTO,NA,Proband,2912,WT,CPC,CPC,65,102,NA,NA,arg/pro,NA,Jul-99,M,1999,17,NA,NA,NA,NA,NA,NA,NA,NA,NA,1,NA,2812,TRUE,TORONTO,1,0,0,0,0,0,0
2827,5760295057_R03C01,TORONTO,NA,NA,NA,WT,GBM,GBM,106,109,NA,NA,NA,NA,,,NA,NA,NA,NA,NA,NA,NA,NA,NA,NA,NA,NA,NA,2827,TRUE,,NA,NA,NA,NA,NA,NA,NA
2874,5760666011_R04C02,TORONTO,NA,Proband,3354,WT,CPC,CPC,9,192,NA,NA,arg/pro,NA,Mar-92,F,1992,24,NA,NA,NA,NA,NA,NA,NA,NA,NA,1,NA,2874,TRUE,TORONTO,1,0,0,0,0,0,0
2918,5760666003_R02C01,TORONTO,NA,NA,NA,WT,Breast ca,Breast ca,528,551,NA,NA,NA,NA,,,NA,NA,NA,NA,NA,NA,NA,NA,NA,NA,NA,NA,NA,2918,TRUE,,NA,NA,NA,NA,NA,NA,NA
2950,5760666033_R04C02,TORONTO,NA,Proband,3449,WT,Prostate ca,Prostate ca,636,1052,NA,NA,arg/pro,NA,20-Sep,M,1920,96,NA,NA,NA,NA,NA,NA,NA,NA,NA,1,NA,2950,TRUE,TORONTO,1,0,0,0,0,0,0
2974,5760295040_R04C02,TORONTO,NA,NA,NA,WT,MB,MB,144,175,NA,NA,NA,NA,,,NA,NA,NA,NA,NA,NA,NA,NA,NA,NA,NA,NA,NA,2974,TRUE,,NA,NA,NA,NA,NA,NA,NA
2976,5760295056_R02C01,TORONTO,family_58,Father of proband,2594,WT,Unaffected,Unaffected,NA,441,NA,NA,NA,NA,Oct-71,M,1971,45,NA,NA,NA,NA,NA,NA,NA,NA,NA,NA,NA,2976,TRUE,TORONTO;NJCO2016,1,1,0,0,0,0,0
3085,9721365183_R06C01,MONTREAL,NA,Proband,2883,WT,CPC,CPC,40,180,NA,NA,arg/arg,T/T,Oct-93,M,1993,23,NA,NA,NA,NA,NA,NA,NA,NA,NA,0,0,3085,TRUE,TORONTO;MONTREAL,1,0,0,1,0,0,0
3085,5760666011_R01C01,TORONTO,NA,Proband,2883,WT,CPC,CPC,40,180,NA,NA,arg/arg,T/T,Oct-93,M,1993,23,NA,NA,NA,NA,NA,NA,NA,NA,NA,0,0,3085,TRUE,TORONTO;MONTREAL,1,0,0,1,0,0,0
3156,9721365183_R01C01,MONTREAL,NA,NA,NA,WT,CPP,CPP,4,29,NA,NA,NA,NA,,,NA,NA,NA,NA,NA,NA,NA,NA,NA,NA,NA,NA,NA,3156,TRUE,,NA,NA,NA,NA,NA,NA,NA
3157,9721365183_R02C01,MONTREAL,NA,NA,NA,WT,Unaffected,Unaffected,NA,637,NA,NA,NA,NA,,,NA,NA,NA,NA,NA,NA,NA,NA,NA,NA,NA,NA,NA,3157,TRUE,,NA,NA,NA,NA,NA,NA,NA
3158,9721365183_R03C01,MONTREAL,NA,NA,NA,WT,Unaffected,Unaffected,NA,418,NA,NA,NA,NA,,,NA,NA,NA,NA,NA,NA,NA,NA,NA,NA,NA,NA,NA,3158,TRUE,,NA,NA,NA,NA,NA,NA,NA
3165,5760666033_R02C02,TORONTO,family_79,Mother of proband,3616,WT,Unaffected,Unaffected,NA,519,NA,NA,NA,NA,Aug-65,F,1965,51,NA,NA,NA,NA,NA,NA,NA,NA,NA,NA,NA,3165,TRUE,TORONTO,1,0,0,0,0,0,0
3239,5760666027_R02C02,TORONTO,NA,Proband,3536,WT,PTC,PTC,365,409,NA,NA,arg/pro,NA,Dec-74,F,1974,42,NA,NA,NA,NA,NA,NA,NA,NA,NA,1,NA,3239,TRUE,TORONTO,1,0,0,0,0,0,0
3292,5760666035_R01C02,TORONTO,NA,Proband,897,WT,ERMS,ERMS,55,199,NA,NA,arg/pro,NA,Jul-92,F,1992,24,NA,NA,NA,NA,NA,NA,NA,NA,NA,1,NA,3292,TRUE,TORONTO,1,0,0,0,0,0,0
3351,5760666033_R06C02,TORONTO,family_76,Spouse of proband/Father of 76-01,3814,NA,Unaffected,Unaffected,NA,356,NA,NA,arg/arg,NA,Sep-79,M,1979,37,NA,NA,NA,NA,NA,NA,NA,NA,NA,0,NA,3351,TRUE,TORONTO,1,0,0,0,0,0,0
3355,5760295040_R02C02,TORONTO,NA,Proband,3818,WT,ACC,ACC,5,7,NA,NA,arg/pro,T/G,08-Sep,F,2008,8,NA,NA,NA,NA,NA,NA,NA,NA,NA,1,1,3355,TRUE,TORONTO,1,0,0,0,0,0,0
3357,5760666011_R02C02,TORONTO,family_59,Mother of proband,3813,WT,Unaffected,Unaffected,NA,470,NA,NA,NA,NA,Mar-70,F,1970,46,NA,NA,NA,NA,NA,NA,NA,NA,NA,NA,NA,3357,TRUE,TORONTO;NJCO2016,1,1,0,0,0,0,0
3362,5760666030_R06C01,TORONTO,family_12,Father of proband,3823,WT,Unaffected,Unaffected,NA,383,NA,NA,NA,NA,May-77,M,1977,39,NA,NA,NA,NA,NA,NA,NA,NA,NA,NA,NA,3362,TRUE,TORONTO,1,0,0,0,0,0,0
3363,5760666030_R02C01,TORONTO,family_12,Sister of proband,3824,WT,Unaffected,Unaffected,NA,38,NA,NA,NA,NA,06-Feb,F,2006,10,NA,NA,NA,NA,NA,NA,NA,NA,NA,NA,NA,3363,TRUE,TORONTO,1,0,0,0,0,0,0
3366,5771955051_R03C02,TORONTO,NA,Proband,3827,WT,ACC,ACC,180,NA,NA,NA,arg/pro,T/G,NA,F,NA,NA,NA,NA,NA,NA,NA,NA,NA,NA,NA,1,1,3366,TRUE,TORONTO,1,0,0,0,0,0,0
3368,5771955053_R02C02,TORONTO,NA,Proband,3829,WT,ACC,ACC,144,NA,NA,NA,arg/pro,T/T,NA,M,NA,NA,NA,NA,NA,NA,NA,NA,NA,NA,NA,1,0,3368,TRUE,TORONTO,1,0,0,0,0,0,0
3404,5760666053_R05C01,TORONTO,NA,Proband,3853,WT,ERMS,ERMS,34,47,NA,NA,NA,NA,05-Jul,M,2005,11,NA,NA,NA,NA,NA,NA,NA,NA,NA,NA,NA,3404,TRUE,TORONTO,1,0,0,0,0,0,0
3406,5760666048_R03C02,TORONTO,NA,Proband,3759,WT,Anaplastic ERMS,ERMS,24,29,NA,NA,arg/pro,NA,07-Feb,F,2007,9,NA,NA,NA,NA,NA,NA,NA,NA,NA,1,NA,3406,TRUE,TORONTO,1,0,0,0,0,0,0
3430,5760666030_R04C01,TORONTO,family_12,MUncle of proband,3876,WT,Unaffected,Unaffected,NA,385,NA,NA,NA,NA,Jul-77,M,1977,39,NA,NA,NA,NA,NA,NA,NA,NA,NA,NA,NA,3430,TRUE,TORONTO,1,0,0,0,0,0,0
3486,5760666011_R05C01,TORONTO,NA,Proband,3394,WT,ACC,ACC,144,169,NA,NA,arg/pro,T/T,Aug-95,M,1995,21,NA,NA,NA,NA,NA,NA,NA,NA,NA,1,0,3486,TRUE,TORONTO,1,0,0,0,0,0,0
3489,5760666038_R01C01,TORONTO,NA,Proband,3921,WT,IDC,IDC,300,302,NA,NA,arg/pro,NA,Jul-84,F,1984,32,NA,NA,NA,NA,NA,NA,NA,NA,NA,1,NA,3489,TRUE,TORONTO,1,0,0,0,0,0,0
3490,5760666030_R05C02,TORONTO,family_12,MGrandfather of proband,3922,WT,Unaffected,Unaffected,NA,682,NA,NA,NA,NA,Nov-52,M,1952,64,NA,NA,NA,NA,NA,NA,NA,NA,NA,NA,NA,3490,TRUE,TORONTO,1,0,0,0,0,0,0
3499,5760666048_R01C02,TORONTO,NA,Proband,3927,WT,ARMS,ARMS,17,21,NA,NA,arg/pro,NA,08-Jan,M,2008,8,NA,NA,NA,NA,NA,NA,NA,NA,NA,1,NA,3499,TRUE,TORONTO,1,0,0,0,0,0,0
3504,5760666057_R04C01,TORONTO,NA,Proband,3931,WT,ACC,ACC,12,NA,NA,NA,arg/pro,T/T,NA,F,NA,NA,NA,NA,NA,NA,NA,NA,NA,NA,NA,1,0,3504,TRUE,TORONTO,1,0,0,0,0,0,0
3507,5771955051_R05C02,TORONTO,NA,Proband,3934,WT,ACC,ACC,240,NA,NA,NA,arg/pro,T/T,NA,F,NA,NA,NA,NA,NA,NA,NA,NA,NA,NA,NA,1,0,3507,TRUE,TORONTO,1,0,0,0,0,0,0
3545,5760666011_R03C01,TORONTO,NA,NA,NA,WT,CPC,CPC,5,66,NA,NA,NA,NA,,,NA,NA,NA,NA,NA,NA,NA,NA,NA,NA,NA,NA,NA,3545,TRUE,,NA,NA,NA,NA,NA,NA,NA
3547,5760666008_R06C01,TORONTO,family_66,M1st cousin of proband,3959,WT,Astrocytoma,Glioma,456,490,NA,NA,arg/pro,NA,Jan-69,M,1969,47,NA,NA,NA,NA,NA,NA,NA,NA,NA,1,NA,3547,TRUE,TORONTO,1,0,0,0,0,0,0
3572,5760666033_R05C01,TORONTO,family_76,Mother of proband,3979,NA,Unaffected,Unaffected,NA,609,NA,NA,NA,NA,Apr-59,F,1959,57,NA,NA,NA,NA,NA,NA,NA,NA,NA,NA,NA,3572,TRUE,TORONTO,1,0,0,0,0,0,0
3597,5760666035_R04C01,TORONTO,NA,Proband,3992,WT,ERMS,ERMS,43,46,NA,NA,arg/arg,NA,06-Apr,M,2006,10,NA,NA,NA,NA,NA,NA,NA,NA,NA,0,NA,3597,TRUE,TORONTO,1,0,0,0,0,0,0
3598,5760666035_R02C01,TORONTO,NA,Proband,3961,WT,ERMS,ERMS,90,100,NA,NA,arg/pro,NA,01-Oct,F,2001,15,NA,NA,NA,NA,NA,NA,NA,NA,NA,1,NA,3598,TRUE,TORONTO,1,0,0,0,0,0,0
3606,5760666048_R05C02,TORONTO,NA,Proband,4000,WT,LMS,LMS,720,741,NA,NA,arg/pro,NA,May-48,F,1948,68,NA,NA,NA,NA,NA,NA,NA,NA,NA,1,NA,3606,TRUE,TORONTO,1,0,0,0,0,0,0
3670,5760295057_R02C02,TORONTO,NA,NA,NA,WT,GBM,GBM,156,174,NA,NA,NA,NA,,,NA,NA,NA,NA,NA,NA,NA,NA,NA,NA,NA,NA,NA,3670,TRUE,,NA,NA,NA,NA,NA,NA,NA
3693,5771955051_R01C02,TORONTO,NA,Proband,4114,WT,ACC,ACC,180,NA,NA,NA,NA,T/T,NA,M,NA,NA,NA,NA,NA,NA,NA,NA,NA,NA,NA,NA,0,3693,TRUE,TORONTO,1,0,0,0,0,0,0
3694,5771955051_R04C01,TORONTO,NA,Proband,3694,WT,ACC,ACC,204,NA,NA,NA,arg/pro,T/G,NA,F,NA,NA,NA,NA,NA,NA,NA,NA,NA,NA,NA,1,1,3694,TRUE,TORONTO,1,0,0,0,0,0,0
3695,5771955051_R06C01,TORONTO,NA,Proband,3695,WT,ACC,ACC,96,NA,NA,NA,arg/pro,T/G,NA,F,NA,NA,NA,NA,NA,NA,NA,NA,NA,NA,NA,1,1,3695,TRUE,TORONTO,1,0,0,0,0,0,0
3743,5760666038_R05C01,TORONTO,NA,Proband,4147,WT,ERMS,ERMS,53,53,NA,NA,arg/pro,NA,06-Jul,M,2006,10,NA,NA,NA,NA,NA,NA,NA,NA,NA,1,NA,3743,TRUE,TORONTO,1,0,0,0,0,0,0
3743,5760666057_R06C01,TORONTO,NA,Proband,4147,WT,ERMS,ERMS,53,53,NA,NA,arg/pro,NA,06-Jul,M,2006,10,NA,NA,NA,NA,NA,NA,NA,NA,NA,1,NA,3743,TRUE,TORONTO,1,0,0,0,0,0,0
3777,5760666053_R01C01,TORONTO,NA,Proband,4165,WT,ACC,ACC,173,173,NA,NA,arg/pro,T/G,Sep-96,F,1996,20,NA,NA,NA,NA,NA,NA,NA,NA,NA,1,1,3777,TRUE,TORONTO,1,0,0,0,0,0,0
3781,5760666048_R06C01,TORONTO,NA,Proband,4167,WT,LMS,LMS,564,612,NA,NA,arg/pro,NA,Feb-60,F,1960,56,NA,NA,NA,NA,NA,NA,NA,NA,NA,1,NA,3781,TRUE,TORONTO,1,0,0,0,0,0,0
3883,5760295040_R06C02,TORONTO,NA,NA,NA,WT,EpenMyxPap,Glioma,528,594,NA,NA,NA,NA,,,NA,NA,NA,NA,NA,NA,NA,NA,NA,NA,NA,NA,NA,3883,TRUE,,NA,NA,NA,NA,NA,NA,NA
3891,5771955049_R02C02,TORONTO,NA,Proband,4220,WT,ACC,ACC,144,NA,NA,NA,NA,T/G,NA,F,NA,NA,NA,NA,NA,NA,NA,NA,NA,NA,NA,NA,1,3891,TRUE,TORONTO,1,0,0,0,0,0,0
3893,5771955049_R01C01,TORONTO,NA,Proband,4222,WT,ACC,ACC,NA,NA,NA,NA,arg/pro,T/G,NA,NA,NA,NA,NA,NA,NA,NA,NA,NA,NA,NA,NA,1,1,3893,TRUE,TORONTO,1,0,0,0,0,0,0
3919,5760666033_R01C01,TORONTO,NA,Proband,4246,WT,PTC,PTC,324,575,NA,NA,arg/pro,NA,Aug-63,F,1963,53,NA,NA,NA,NA,NA,NA,NA,NA,NA,1,NA,3919,TRUE,TORONTO,1,0,0,0,0,0,0
3940,5760666033_R03C01,TORONTO,NA,Proband,4251,WT,ACC,ACC,625,626,NA,NA,arg/pro,NA,Jun-59,M,1959,57,NA,NA,NA,NA,NA,NA,NA,NA,NA,1,NA,3940,TRUE,TORONTO,1,0,0,0,0,0,0
3947,5760666022_R02C01,TORONTO,NA,Proband,4256,WT,Breast ca,Breast ca,360,362,NA,NA,arg/pro,NA,Jun-81,F,1981,35,NA,NA,NA,NA,NA,NA,NA,NA,NA,1,NA,3947,TRUE,TORONTO,1,0,0,0,0,0,0
3951,5760666030_R01C02,TORONTO,NA,Proband,4260,WT,ACC,ACC,16,48,NA,NA,arg/pro,T/T,07-Sep,F,2007,9,NA,NA,NA,NA,NA,NA,NA,NA,NA,1,0,3951,TRUE,TORONTO,1,0,0,0,0,0,0
3970,5760295040_R05C01,TORONTO,NA,NA,NA,WT,MB,MB,101,125,NA,NA,NA,NA,,,NA,NA,NA,NA,NA,NA,NA,NA,NA,NA,NA,NA,NA,3970,TRUE,,NA,NA,NA,NA,NA,NA,NA
3972,5760666007_R02C02,TORONTO,NA,NA,NA,WT,Breast ca,Breast ca,264,580,NA,NA,NA,NA,,,NA,NA,NA,NA,NA,NA,NA,NA,NA,NA,NA,NA,NA,3972,TRUE,,NA,NA,NA,NA,NA,NA,NA
3976,5760666003_R05C02,TORONTO,family_33,"Father of proband/Spouse of 33-01
(consanguineous)",4277,WT,Unaffected,Unaffected,NA,NA,NA,NA,NA,NA,NA,M,NA,NA,NA,NA,NA,NA,NA,NA,NA,NA,NA,NA,NA,3976,TRUE,TORONTO,1,0,0,0,0,0,0
4013,5760666030_R03C02,TORONTO,NA,Proband,3999,WT,CPC,CPC,0.384,24,NA,NA,arg/pro,NA,10-Mar,M,2010,6,NA,NA,NA,NA,NA,NA,NA,NA,NA,1,NA,4013,TRUE,TORONTO,1,0,0,0,0,0,0
4018,5760666022_R03C02,TORONTO,NA,Proband,4169,WT,ARMS,ARMS,17,32,NA,NA,arg/pro,NA,09-Jul,M,2009,7,NA,NA,NA,NA,NA,NA,NA,NA,NA,1,NA,4018,TRUE,TORONTO,1,0,0,0,0,0,0
4034,5771955054_R01C02,TORONTO,NA,NA,NA,WT,ACC,ACC,NA,NA,NA,NA,NA,NA,,,NA,NA,NA,NA,NA,NA,NA,NA,NA,NA,NA,NA,NA,4034,TRUE,,NA,NA,NA,NA,NA,NA,NA
4035,5771955053_R06C02,TORONTO,NA,NA,NA,WT,ACC,ACC,NA,NA,NA,NA,NA,NA,,,NA,NA,NA,NA,NA,NA,NA,NA,NA,NA,NA,NA,NA,4035,TRUE,,NA,NA,NA,NA,NA,NA,NA
4056,5760666027_R01C01,TORONTO,NA,Proband,4327,WT,PNET,PNET,72,75,NA,NA,arg/pro,NA,06-Mar,M,2006,10,NA,NA,NA,NA,NA,NA,NA,NA,NA,1,NA,4056,TRUE,TORONTO,1,0,0,0,0,0,0
4057,5760666007_R06C02,TORONTO,NA,Mother of proband,4328,WT,Melanoma,Melanoma,288,540,NA,NA,arg/pro,NA,Jun-67,F,1967,49,NA,NA,NA,NA,NA,NA,NA,NA,NA,1,NA,4057,TRUE,TORONTO,1,0,0,0,0,0,0
4151,5760666035_R03C02,TORONTO,NA,Proband,4308,WT,ARMS,ARMS,17,26,NA,NA,arg/pro,NA,10-Oct,M,2010,6,NA,NA,NA,NA,NA,NA,NA,NA,NA,1,NA,4151,TRUE,TORONTO,1,0,0,0,0,0,0
4163,5771955053_R01C01,TORONTO,NA,Proband,4474,WT,ACC,ACC,24,24,NA,NA,arg/pro,NA,NA,M,NA,NA,NA,NA,NA,NA,NA,NA,NA,NA,NA,1,NA,4163,TRUE,TORONTO,1,0,0,0,0,0,0
4166,5771955053_R05C01,TORONTO,NA,NA,NA,WT,ACC,ACC,NA,NA,NA,NA,NA,NA,,,NA,NA,NA,NA,NA,NA,NA,NA,NA,NA,NA,NA,NA,4166,TRUE,,NA,NA,NA,NA,NA,NA,NA
4167,5771955053_R04C02,TORONTO,NA,NA,NA,WT,ACC,ACC,NA,NA,NA,NA,NA,NA,,,NA,NA,NA,NA,NA,NA,NA,NA,NA,NA,NA,NA,NA,4167,TRUE,,NA,NA,NA,NA,NA,NA,NA
4168,5771955053_R03C01,TORONTO,NA,NA,NA,WT,ACC,ACC,NA,NA,NA,NA,NA,NA,,,NA,NA,NA,NA,NA,NA,NA,NA,NA,NA,NA,NA,NA,4168,TRUE,,NA,NA,NA,NA,NA,NA,NA
4172,5760666003_R06C01,TORONTO,family_33,Sister of proband,4493,WT,Unaffected,Unaffected,NA,60,NA,NA,NA,NA,NA,F,NA,NA,NA,NA,NA,NA,NA,NA,NA,NA,NA,NA,NA,4172,TRUE,TORONTO,1,0,0,0,0,0,0
4174,5760666003_R04C01,TORONTO,family_33,Brother of proband,4495,WT,Unaffected,Unaffected,NA,96,NA,NA,NA,NA,NA,M,NA,NA,NA,NA,NA,NA,NA,NA,NA,NA,NA,NA,NA,4174,TRUE,TORONTO,1,0,0,0,0,0,0
4175,5760666003_R03C02,TORONTO,family_33,Brother of proband,4496,WT,Unaffected,Unaffected,NA,120,NA,NA,NA,NA,NA,M,NA,NA,NA,NA,NA,NA,NA,NA,NA,NA,NA,NA,NA,4175,TRUE,TORONTO,1,0,0,0,0,0,0
4187,5760295057_R06C02,TORONTO,family_33,MGrandmother of proband,4523,WT,Unaffected,Unaffected,NA,780,NA,NA,NA,NA,NA,F,NA,NA,NA,NA,NA,NA,NA,NA,NA,NA,NA,NA,NA,4187,TRUE,TORONTO;NJCO2016,1,1,0,0,0,0,0
4258,5760666022_R05C02,TORONTO,family_47,Father of proband,4654,NA,Unaffected,Unaffected,NA,459,NA,NA,NA,NA,Jan-75,M,1975,41,NA,NA,NA,NA,NA,NA,NA,NA,NA,NA,NA,4258,TRUE,TORONTO,1,0,0,0,0,0,0
12086,5760666053_R02C02,TORONTO,NA,NA,NA,NA,NA,NA,NA,NA,NA,NA,NA,NA,NA,NA,NA,NA,NA,NA,NA,NA,NA,NA,NA,NA,NA,NA,NA,NA,NA,NA,NA,NA,NA,NA,NA,NA,NA
44991,5760666057_R02C01,TORONTO,NA,NA,NA,NA,NA,NA,NA,NA,NA,NA,NA,NA,NA,NA,NA,NA,NA,NA,NA,NA,NA,NA,NA,NA,NA,NA,NA,NA,NA,NA,NA,NA,NA,NA,NA,NA,NA
2760B,5771955049_R06C01,TORONTO,family_6,Proband,3265,Mut,ACC,ACC,214,217,Deletion Exons 10-11,Deletion,arg/pro,NA,Jan-90,F,1990,26,no clear intron or exon,no clear intron or exon,no bp change,no bp change,no clear location,no_codon_change,no_codon_change,NA,Deletion,1,NA,2760,TRUE,TORONTO;TFEB2017;GUH1463,1,0,1,0,1,0,0
792S,5760666011_R03C02,TORONTO,NA,NA,NA,WT,CPC,CPC,NA,NA,NA,NA,NA,NA,,,NA,NA,NA,NA,NA,NA,NA,NA,NA,NA,NA,NA,NA,792S,TRUE,,NA,NA,NA,NA,NA,NA,NA
793S,5760666008_R06C02,TORONTO,NA,NA,NA,WT,Malignant,NA,NA,NA,NA,NA,NA,NA,,,NA,NA,NA,NA,NA,NA,NA,NA,NA,NA,NA,NA,NA,793S,TRUE,,NA,NA,NA,NA,NA,NA,NA
RD-16168,5760666057_R06C02,TORONTO,NA,NA,NA,NA,NA,NA,NA,NA,NA,NA,NA,NA,NA,NA,NA,NA,NA,NA,NA,NA,NA,NA,NA,NA,NA,NA,NA,NA,NA,NA,NA,NA,NA,NA,NA,NA,NA
RD-16168,5771955054_R06C01,TORONTO,NA,NA,NA,NA,NA,NA,NA,NA,NA,NA,NA,NA,NA,NA,NA,NA,NA,NA,NA,NA,NA,NA,NA,NA,NA,NA,NA,NA,NA,NA,NA,NA,NA,NA,NA,NA,NA
RD-20412,5760666003_R06C02,TORONTO,NA,NA,NA,NA,NA,NA,NA,NA,NA,NA,NA,NA,NA,NA,NA,NA,NA,NA,NA,NA,NA,NA,NA,NA,NA,NA,NA,NA,NA,NA,NA,NA,NA,NA,NA,NA,NA
RD-20412,5760666035_R06C02,TORONTO,NA,NA,NA,NA,NA,NA,NA,NA,NA,NA,NA,NA,NA,NA,NA,NA,NA,NA,NA,NA,NA,NA,NA,NA,NA,NA,NA,NA,NA,NA,NA,NA,NA,NA,NA,NA,NA
RD-20554,5760666022_R05C01,TORONTO,NA,NA,NA,NA,NA,NA,NA,NA,NA,NA,NA,NA,NA,NA,NA,NA,NA,NA,NA,NA,NA,NA,NA,NA,NA,NA,NA,NA,NA,NA,NA,NA,NA,NA,NA,NA,NA
RD-20554,5771955054_R06C02,TORONTO,NA,NA,NA,NA,NA,NA,NA,NA,NA,NA,NA,NA,NA,NA,NA,NA,NA,NA,NA,NA,NA,NA,NA,NA,NA,NA,NA,NA,NA,NA,NA,NA,NA,NA,NA,NA,NA